season,team,bbrID,reason,dpm,relation,round,game
2001,MIL,hamda01,Did Not Play,0.04,other,1,1
2001,TOR,willije01,Did Not Play,2.01,other,1,1
2001,MIL,hamda01,Did Not Play,0.04,other,1,2
2001,CHH,burresc01,Did Not Play,0.62,other,1,3
2001,MIA,hardati01,Inactive,0.76,other,1,3
2001,ORL,reiddo01,Did Not Play,0.07,other,1,3
2001,NYK,cambyma01,Not With Team,0.42,other,1,3
2001,TOR,petermo01,Did Not Play,0.03,other,1,3
2001,TOR,petermo01,Did Not Play,0.03,other,1,5
2001,CHH,burresc01,Did Not Play,0.62,other,2,1
2001,SAS,anderde01,Did Not Dress,2.32,other,2,2
2001,CHH,burresc01,Did Not Play,0.62,other,2,2
2001,SAS,anderde01,Did Not Dress,2.32,other,2,3
2001,TOR,petermo01,Did Not Play,0.03,other,2,2
2001,CHH,burresc01,Did Not Play,0.62,other,2,3
2001,SAS,anderde01,Did Not Dress,2.32,other,2,4
2001,CHH,burresc01,Did Not Play,0.62,other,2,4
2001,SAC,barryjo01,Did Not Play,0.38,opponent,2,4
2001,TOR,petermo01,Did Not Play,0.03,other,2,4
2001,SAS,anderde01,Did Not Dress,2.32,other,2,5
2001,CHH,burresc01,Did Not Play,0.62,other,2,5
2001,PHI,lynchge01,Did Not Dress,0.82,other,2,5
2001,CHH,burresc01,Did Not Play,0.62,other,2,6
2001,PHI,lynchge01,Not With Team,0.82,other,2,6
2001,SAS,anderde01,Did Not Dress,2.32,opponent,3,1
2001,CHH,burresc01,Did Not Play,0.62,other,2,7
2001,MIL,hamda01,Did Not Play,0.04,other,2,7
2001,PHI,lynchge01,Did Not Dress,0.82,other,2,7
2001,SAS,anderde01,Did Not Dress,2.32,opponent,3,2
2001,PHI,lynchge01,Did Not Dress,0.82,other,3,1
2001,PHI,lynchge01,Did Not Dress,0.82,other,3,2
2001,SAS,elliose01,Did Not Play,0.1,opponent,3,3
2001,PHI,iversal01,Not With Team,2.93,other,3,3
2001,PHI,lynchge01,Not With Team,0.82,other,3,3
2001,PHI,lynchge01,Not With Team,0.82,other,3,4
2001,MIL,hamda01,Did Not Play,0.04,other,3,4
2001,PHI,lynchge01,Did Not Dress,0.82,other,3,5
2001,PHI,lynchge01,Did Not Dress,0.82,other,3,6
2001,MIL,willisc01,Player Suspended,0.2,other,3,7
2001,PHI,lynchge01,Did Not Dress,0.82,other,3,7
2001,PHI,lynchge01,Did Not Dress,0.82,opponent,4,1
2001,PHI,lynchge01,Did Not Dress,0.82,opponent,4,2
2001,PHI,lynchge01,Did Not Dress,0.82,opponent,4,3
2002,BOS,brownke01,Did Not Play,0.49,other,1,1
2002,DAL,bradlsh01,Did Not Play,2.97,other,1,1
2002,SEA,willish01,Did Not Play,0.31,other,1,2
2002,SAS,robinda01,Not With Team,4.27,other,1,2
2002,ORL,declean01,Did Not Play,1.23,other,1,2
2002,CHH,mashbja01,Did Not Dress,0.79,other,1,2
2002,BOS,brownke01,Did Not Play,0.49,other,1,2
2002,CHH,mashbja01,Not With Team,0.79,other,1,3
2002,BOS,brownke01,Did Not Play,0.49,other,1,3
2002,CHH,mashbja01,Not With Team,0.79,other,1,4
2002,ORL,declean01,Did Not Play,1.23,other,1,4
2002,BOS,brownke01,Did Not Play,0.49,other,1,4
2002,SAS,duncati01,Not With Team,8.71,other,1,4
2002,SAS,robinda01,Not With Team,4.27,other,1,4
2002,SEA,lewisra02,Did Not Dress,2.88,other,1,4
2002,SEA,willish01,Did Not Play,0.31,other,1,4
2002,NJN,collija04,Did Not Play,0.33,other,1,5
2002,SEA,lewisra02,Did Not Dress,2.88,other,1,5
2002,SAS,robinda01,Did Not Dress,4.27,other,1,5
2002,BOS,brownke01,Did Not Play,0.49,other,2,1
2002,SAS,robinda01,Did Not Dress,4.27,opponent,2,1
2002,CHH,magloja01,Player Suspended,1.23,other,2,1
2002,CHH,mashbja01,Not With Team,0.79,other,2,1
2002,SAC,pollasc01,Did Not Play,1.83,other,2,2
2002,SAS,robinda01,Did Not Dress,4.27,opponent,2,2
2002,CHH,mashbja01,Not With Team,0.79,other,2,2
2002,BOS,brownke01,Did Not Play,0.49,other,2,2
2002,CHH,mashbja01,Did Not Dress,0.79,other,2,3
2002,BOS,brownke01,Did Not Play,0.49,other,2,3
2002,SAC,stojape01,Did Not Play,1.59,other,2,4
2002,CHH,mashbja01,Not With Team,0.79,other,2,4
2002,SAC,stojape01,Did Not Dress,1.59,other,2,5
2002,BOS,brownke01,Did Not Play,0.49,other,2,5
2002,CHH,mashbja01,Not With Team,0.79,other,2,5
2002,SAC,stojape01,Did Not Dress,1.59,opponent,3,1
2002,BOS,brownke01,Did Not Play,0.49,other,3,1
2002,SAC,stojape01,Did Not Dress,1.59,opponent,3,2
2002,BOS,brownke01,Did Not Play,0.49,other,3,2
2002,SAC,stojape01,Did Not Dress,1.59,opponent,3,3
2002,BOS,brownke01,Did Not Play,0.49,other,3,3
2002,SAC,stojape01,Did Not Dress,1.59,opponent,3,4
2002,NJN,collija04,Did Not Play,0.33,other,3,4
2002,BOS,brownke01,Did Not Play,0.49,other,3,4
2002,BOS,brownke01,Did Not Play,0.49,other,3,5
2002,NJN,collija04,Did Not Play,0.33,other,3,6
2002,BOS,brownke01,Did Not Play,0.49,other,3,6
2003,MIL,smithjo02,Did Not Play,0.8,other,1,1
2003,NJN,mournal01,Did Not Play,2.77,other,1,1
2003,SAC,pollasc01,Did Not Play,1.45,other,1,1
2003,DET,princta01,Did Not Play,1.11,other,1,1
2003,SAS,robinda01,Did Not Dress,3.59,winner,1,2
2003,MIN,smithjo02,Did Not Play,0.8,other,1,2
2003,POR,pippesc01,Did Not Dress,1.72,other,1,2
2003,NOH,davisba01,Did Not Dress,2.65,other,1,2
2003,POR,anderde01,Did Not Dress,1.04,other,1,3
2003,POR,pippesc01,Did Not Dress,1.72,other,1,3
2003,NJN,mutomdi01,Did Not Play,0.52,other,1,4
2003,NOH,mashbja01,Did Not Dress,0.87,other,1,3
2003,DET,princta01,Did Not Play,1.11,other,1,4
2003,POR,anderde01,Did Not Dress,1.04,other,1,4
2003,POR,pippesc01,Did Not Dress,1.72,other,1,4
2003,POR,sabonar01,Did Not Dress,2.88,other,1,4
2003,PHI,buckngr01,Did Not Play,0.16,other,1,4
2003,NOH,mashbja01,Did Not Dress,0.87,other,1,4
2003,NJN,mutomdi01,Did Not Play,0.52,other,1,5
2003,POR,anderde01,Not With Team,1.04,other,1,5
2003,DET,willico02,Did Not Play,0.91,other,1,5
2003,PHI,buckngr01,Did Not Play,0.16,other,1,5
2003,NJN,mutomdi01,Did Not Play,0.52,other,1,6
2003,POR,anderde01,Did Not Dress,1.04,other,1,6
2003,POR,anderde01,Not With Team,1.04,other,1,7
2003,POR,davisda01,Did Not Play,0.86,other,1,7
2003,DET,willico02,Did Not Play,0.91,other,1,7
2003,NJN,mutomdi01,Did Not Play,0.52,other,2,1
2003,NJN,mutomdi01,Did Not Play,0.52,other,2,2
2003,LAL,georgde01,Did Not Dress,0.51,opponent,2,2
2003,DET,billuch01,Did Not Dress,1.5,other,2,2
2003,DET,billuch01,Did Not Dress,1.5,other,2,3
2003,SAC,pollasc01,Did Not Play,1.45,other,2,3
2003,SAC,webbech01,Did Not Dress,3.71,other,2,3
2003,SAC,webbech01,Did Not Dress,3.71,other,2,4
2003,NJN,mutomdi01,Did Not Play,0.52,other,2,4
2003,SAC,webbech01,Did Not Dress,3.71,other,2,5
2003,DET,billuch01,Did Not Dress,1.5,other,2,5
2003,SAC,pollasc01,Did Not Play,1.45,other,2,6
2003,SAC,webbech01,Did Not Dress,3.71,other,2,6
2003,DET,barryjo01,Did Not Play,2.29,other,2,6
2003,SAC,pollasc01,Did Not Play,1.45,other,2,7
2003,SAC,webbech01,Did Not Dress,3.71,other,2,7
2003,NJN,mutomdi01,Did Not Play,0.52,other,3,1
2003,DET,barryjo01,Did Not Play,2.29,other,3,1
2003,NJN,mutomdi01,Did Not Play,0.52,other,3,2
2003,DAL,najered01,Did Not Play,0.94,opponent,3,2
2003,DET,barryjo01,Did Not Play,2.29,other,3,3
2003,NJN,mutomdi01,Did Not Play,0.52,other,3,3
2003,NJN,mutomdi01,Did Not Play,0.52,other,3,4
2003,DAL,bradlsh01,Did Not Dress,2.77,opponent,3,4
2003,DAL,nowitdi01,Did Not Dress,5.87,opponent,3,4
2003,DAL,bradlsh01,Did Not Dress,2.77,opponent,3,5
2003,DAL,nowitdi01,Did Not Dress,5.87,opponent,3,5
2003,DAL,bradlsh01,Did Not Play,2.77,opponent,3,6
2003,DAL,nowitdi01,Did Not Dress,5.87,opponent,3,6
2004,SAC,jacksbo01,Did Not Dress,0.95,other,1,1
2004,IND,artesro01,Player Suspended,3.53,other,1,2
2004,DAL,bradlsh01,Did Not Play,2.26,other,1,2
2004,SAC,jacksbo01,Did Not Dress,0.95,other,1,2
2004,HOU,padgesc01,Did Not Play,0.65,other,1,3
2004,SAC,jacksbo01,Did Not Dress,0.95,other,1,3
2004,DAL,bradlsh01,Did Not Play,2.26,other,1,3
2004,NOH,traylro01,Did Not Play,0.46,other,1,3
2004,SAC,jacksbo01,Did Not Play,0.95,other,1,4
2004,DAL,bradlsh01,Did Not Play,2.26,other,1,4
2004,MIN,szczewa02,Did Not Dress,0.53,other,1,4
2004,DEN,bowenry01,Did Not Play,1.16,other,1,4
2004,NOH,traylro01,Did Not Play,0.46,other,1,4
2004,SAC,jacksbo01,Did Not Dress,0.95,other,1,5
2004,NOH,traylro01,Did Not Play,0.46,other,1,5
2004,MIN,szczewa02,Did Not Dress,0.53,other,1,5
2004,SAC,jacksbo01,Did Not Dress,0.95,other,2,1
2004,SAC,songada01,Did Not Play,0.51,other,2,1
2004,MIN,szczewa02,Did Not Dress,0.53,other,2,1
2004,SAC,jacksbo01,Did Not Dress,0.95,other,2,2
2004,SAC,songada01,Did Not Play,0.51,other,2,2
2004,MIN,szczewa02,Did Not Dress,0.53,other,2,2
2004,MIN,szczewa02,Did Not Dress,0.53,other,2,3
2004,SAC,jacksbo01,Did Not Dress,0.95,other,2,3
2004,SAC,songada01,Did Not Play,0.51,other,2,3
2004,MIN,szczewa02,Did Not Dress,0.53,other,2,4
2004,SAC,jacksbo01,Did Not Dress,0.95,other,2,4
2004,SAC,songada01,Did Not Play,0.51,other,2,4
2004,SAC,jacksbo01,Did Not Dress,0.95,other,2,5
2004,IND,jonesfr01,Did Not Play,0.56,other,2,5
2004,SAC,jacksbo01,Did Not Dress,0.95,other,2,6
2004,SAC,songada01,Did Not Play,0.51,other,2,6
2004,IND,jonesfr01,Did Not Play,0.56,other,2,6
2004,SAC,jacksbo01,Did Not Dress,0.95,other,2,7
2004,MIN,cassesa01,Did Not Dress,2.05,other,3,5
2004,MIN,cassesa01,Did Not Dress,2.05,other,3,6
2004,LAL,malonka01,Did Not Dress,0.71,opponent,4,5
2005,IND,tinslja01,Did Not Dress,2.31,other,1,1
2005,SAS,nestera01,Did Not Play,1.68,winner,1,1
2005,IND,tinslja01,Did Not Dress,2.31,other,1,2
2005,IND,tinslja01,Did Not Dress,2.31,other,1,3
2005,SAC,ostergr01,Did Not Play,1.28,other,1,3
2005,DAL,bradlsh01,Did Not Play,2.03,other,1,4
2005,DAL,vanhoke01,Did Not Dress,0.34,other,1,4
2005,IND,tinslja01,Did Not Dress,2.31,other,1,4
2005,SAC,ostergr01,Did Not Play,1.28,other,1,4
2005,DAL,bradlsh01,Did Not Play,2.03,other,1,5
2005,DAL,vanhoke01,Did Not Dress,0.34,other,1,5
2005,SAC,ostergr01,Did Not Play,1.28,other,1,5
2005,DEN,johnsde03,Did Not Play,0.65,opponent,1,5
2005,DAL,vanhoke01,Did Not Dress,0.34,other,1,6
2005,DAL,vanhoke01,Did Not Dress,0.34,other,1,7
2005,DAL,vanhoke01,Did Not Dress,0.34,other,2,1
2005,SEA,radmavl01,Did Not Dress,0.91,opponent,2,2
2005,DAL,bradlsh01,Did Not Play,2.03,other,2,2
2005,DAL,harride01,Did Not Play,0.27,other,2,2
2005,DAL,vanhoke01,Did Not Dress,0.34,other,2,2
2005,SEA,radmavl01,Inactive,0.91,opponent,2,3
2005,MIA,onealsh01,Did Not Dress,6.29,other,2,3
2005,PHO,johnsjo02,Not With Team,1.55,other,2,3
2005,DAL,vanhoke01,Did Not Dress,0.34,other,2,3
2005,MIA,onealsh01,Did Not Dress,6.29,other,2,4
2005,PHO,johnsjo02,Not With Team,1.55,other,2,4
2005,DAL,bradlsh01,Did Not Play,2.03,other,2,4
2005,DAL,harride01,Did Not Play,0.27,other,2,4
2005,DAL,vanhoke01,Did Not Dress,0.34,other,2,4
2005,SEA,lewisra02,Inactive,2.86,opponent,2,4
2005,SEA,radmavl01,Inactive,0.91,opponent,2,4
2005,SEA,lewisra02,Did Not Dress,2.86,opponent,2,5
2005,SEA,radmavl01,Not With Team,0.91,opponent,2,5
2005,SAS,nestera01,Did Not Play,1.68,winner,2,5
2005,DAL,bradlsh01,Did Not Play,2.03,other,2,5
2005,DAL,harride01,Did Not Play,0.27,other,2,5
2005,DAL,vanhoke01,Did Not Dress,0.34,other,2,5
2005,PHO,johnsjo02,Did Not Dress,1.55,other,2,5
2005,SAS,nestera01,Did Not Play,1.68,winner,2,6
2005,SEA,lewisra02,Inactive,2.86,opponent,2,6
2005,SEA,radmavl01,Inactive,0.91,opponent,2,6
2005,PHO,johnsjo02,Not With Team,1.55,other,2,6
2005,DAL,bradlsh01,Did Not Play,2.03,other,2,6
2005,DAL,harride01,Did Not Play,0.27,other,2,6
2005,DAL,vanhoke01,Did Not Dress,0.34,other,2,6
2005,PHO,johnsjo02,Did Not Dress,1.55,opponent,3,1
2005,PHO,johnsjo02,Did Not Dress,1.55,opponent,3,2
2005,SAS,nestera01,Did Not Play,1.68,winner,3,4
2005,SAS,nestera01,Did Not Play,1.68,winner,3,5
2005,MIA,wadedw01,Did Not Dress,3.47,other,3,6
2005,SAS,nestera01,Did Not Play,1.68,winner,4,5
2005,SAS,nestera01,Did Not Play,1.68,winner,4,6
2005,SAS,nestera01,Did Not Play,1.68,winner,4,7
2006,DEN,johnsde03,Did Not Play,0.96,other,1,1
2006,DEN,najered01,Did Not Play,0.26,other,1,1
2006,MIA,mournal01,Did Not Dress,2.81,winner,1,1
2006,IND,gilled01,Did Not Play,0.05,other,1,1
2006,IND,tinslja01,Inactive,0.8,other,1,1
2006,PHO,thomaku01,Did Not Dress,0.82,other,1,1
2006,PHO,stoudam01,Inactive,1.26,other,1,1
2006,MIA,hasleud01,Player Suspended,0.38,winner,1,2
2006,MIA,mournal01,Inactive,2.81,winner,1,2
2006,IND,stojape01,Inactive,1.55,other,1,2
2006,SAC,artesro01,Player Suspended,3.46,other,1,2
2006,PHO,thomaku01,Did Not Dress,0.82,other,1,2
2006,PHO,stoudam01,Inactive,1.26,other,1,2
2006,DEN,johnsde03,Did Not Play,0.96,other,1,3
2006,DEN,martike01,Inactive,1.5,other,1,3
2006,IND,tinslja01,Inactive,0.8,other,1,3
2006,PHO,thomaku01,Did Not Dress,0.82,other,1,3
2006,PHO,stoudam01,Inactive,1.26,other,1,3
2006,DEN,martike01,Inactive,1.5,other,1,4
2006,IND,gilled01,Did Not Play,0.05,other,1,4
2006,IND,stojape01,Did Not Dress,1.55,other,1,4
2006,IND,tinslja01,Inactive,0.8,other,1,4
2006,MEM,cardibr01,Did Not Play,1.08,other,1,3
2006,MIA,poseyja01,Player Suspended,0.76,winner,1,4
2006,PHO,thomaku01,Did Not Dress,0.82,other,1,4
2006,PHO,stoudam01,Inactive,1.26,other,1,4
2006,DEN,martike01,Inactive,1.5,other,1,5
2006,IND,fosteje01,Did Not Dress,2.8,other,1,5
2006,IND,gilled01,Did Not Play,0.05,other,1,5
2006,IND,pollasc01,Did Not Play,0.71,other,1,5
2006,IND,stojape01,Did Not Dress,1.55,other,1,5
2006,IND,tinslja01,Inactive,0.8,other,1,5
2006,PHO,thomaku01,Did Not Play,0.82,other,1,5
2006,PHO,stoudam01,Inactive,1.26,other,1,5
2006,IND,fosteje01,Did Not Play,2.8,other,1,6
2006,IND,gilled01,Did Not Play,0.05,other,1,6
2006,IND,pollasc01,Did Not Play,0.71,other,1,6
2006,IND,stojape01,Did Not Dress,1.55,other,1,6
2006,IND,tinslja01,Inactive,0.8,other,1,6
2006,PHO,thomaku01,Did Not Dress,0.82,other,1,6
2006,PHO,stoudam01,Inactive,1.26,other,1,6
2006,PHO,thomaku01,Did Not Dress,0.82,other,1,7
2006,PHO,stoudam01,Inactive,1.26,other,1,7
2006,PHO,thomaku01,Did Not Dress,0.82,other,2,1
2006,PHO,stoudam01,Inactive,1.26,other,2,1
2006,PHO,thomaku01,Did Not Dress,0.82,other,2,2
2006,PHO,stoudam01,Inactive,1.26,other,2,2
2006,PHO,thomaku01,Did Not Dress,0.82,other,2,3
2006,PHO,stoudam01,Inactive,1.26,other,2,3
2006,SAS,nestera01,Did Not Play,1.35,other,2,3
2006,PHO,thomaku01,Did Not Dress,0.82,other,2,4
2006,PHO,stoudam01,Inactive,1.26,other,2,4
2006,PHO,thomaku01,Did Not Dress,0.82,other,2,5
2006,PHO,stoudam01,Inactive,1.26,other,2,5
2006,SAS,nestera01,Did Not Play,1.35,other,2,5
2006,PHO,thomaku01,Did Not Dress,0.82,other,2,6
2006,PHO,stoudam01,Inactive,1.26,other,2,6
2006,SAS,nestera01,Did Not Play,1.35,other,2,6
2006,DAL,terryja01,Player Suspended,2.12,other,2,6
2006,PHO,thomaku01,Did Not Dress,0.82,other,2,7
2006,PHO,stoudam01,Inactive,1.26,other,2,7
2006,SAS,nestera01,Did Not Play,1.35,other,2,7
2006,PHO,thomaku01,Did Not Play,0.82,other,3,1
2006,DAL,diopde01,Did Not Play,0.59,other,3,1
2006,PHO,stoudam01,Inactive,1.26,other,3,1
2006,PHO,thomaku01,Did Not Play,0.82,other,3,2
2006,DAL,dampier01,Did Not Play,0.78,other,3,2
2006,PHO,stoudam01,Inactive,1.26,other,3,2
2006,DAL,dampier01,Did Not Play,0.78,other,3,3
2006,PHO,thomaku01,Did Not Play,0.82,other,3,3
2006,PHO,stoudam01,Inactive,1.26,other,3,3
2006,PHO,stoudam01,Inactive,1.26,other,3,4
2006,PHO,thomaku01,Did Not Play,0.82,other,3,5
2006,DAL,dampier01,Did Not Play,0.78,other,3,5
2006,PHO,stoudam01,Inactive,1.26,other,3,5
2006,DAL,dampier01,Did Not Play,0.78,other,3,6
2006,PHO,thomaku01,Did Not Play,0.82,other,3,6
2006,PHO,stoudam01,Inactive,1.26,other,3,6
2007,DET,johnsam01,Inactive,1.16,other,1,1
2007,UTA,brewero02,Did Not Play,0.7,other,1,1
2007,UTA,brownde03,Did Not Play,0.07,other,1,1
2007,NJN,krstine01,Inactive,0.09,other,1,1
2007,TOR,garbajo01,Inactive,0.6,other,1,1
2007,WAS,arenagi01,Inactive,4.02,other,1,1
2007,DEN,martike01,Inactive,1.36,opponent,1,1
2007,DET,johnsam01,Inactive,1.16,other,1,2
2007,UTA,brewero02,Did Not Play,0.7,other,1,2
2007,WAS,arenagi01,Inactive,4.02,other,1,2
2007,SAS,bonnema01,Did Not Play,0.05,winner,1,2
2007,DEN,martike01,Inactive,1.36,opponent,1,2
2007,DET,johnsam01,Inactive,1.16,other,1,3
2007,UTA,brewero02,Did Not Play,0.7,other,1,3
2007,UTA,brownde03,Did Not Play,0.07,other,1,3
2007,TOR,garbajo01,Inactive,0.6,other,1,3
2007,NJN,krstine01,Inactive,0.09,other,1,3
2007,SAS,bonnema01,Did Not Play,0.05,winner,1,3
2007,DEN,martike01,Inactive,1.36,opponent,1,3
2007,DET,johnsam01,Inactive,1.16,other,1,4
2007,WAS,arenagi01,Inactive,4.02,other,1,3
2007,MIA,jonesed02,Did Not Play,0.76,other,1,4
2007,TOR,garbajo01,Inactive,0.6,other,1,4
2007,NJN,krstine01,Inactive,0.09,other,1,4
2007,SAS,bonnema01,Did Not Play,0.05,winner,1,4
2007,DEN,martike01,Inactive,1.36,opponent,1,4
2007,UTA,brewero02,Did Not Play,0.7,other,1,5
2007,UTA,brownde03,Did Not Play,0.07,other,1,5
2007,WAS,haywobr01,Did Not Play,0.75,other,1,4
2007,WAS,arenagi01,Inactive,4.02,other,1,4
2007,NJN,krstine01,Inactive,0.09,other,1,5
2007,TOR,garbajo01,Inactive,0.6,other,1,5
2007,DEN,martike01,Inactive,1.36,opponent,1,5
2007,DAL,dampier01,Did Not Play,1.11,other,1,6
2007,UTA,brewero02,Did Not Play,0.7,other,1,6
2007,UTA,brownde03,Did Not Play,0.07,other,1,6
2007,TOR,nestera01,Did Not Play,0.62,other,1,6
2007,TOR,garbajo01,Inactive,0.6,other,1,6
2007,NJN,krstine01,Inactive,0.09,other,1,6
2007,DET,johnsam01,Inactive,1.16,other,2,1
2007,UTA,brewero02,Did Not Play,0.7,other,1,7
2007,UTA,brownde03,Did Not Play,0.07,other,1,7
2007,NJN,krstine01,Inactive,0.09,other,2,1
2007,SAS,bonnema01,Did Not Play,0.05,winner,2,1
2007,DET,johnsam01,Inactive,1.16,other,2,2
2007,UTA,fishede01,Inactive,1.56,other,2,1
2007,NJN,krstine01,Inactive,0.09,other,2,2
2007,DET,johnsam01,Inactive,1.16,other,2,3
2007,UTA,brownde03,Inactive,0.07,other,2,3
2007,NJN,krstine01,Inactive,0.09,other,2,3
2007,SAS,bonnema01,Did Not Play,0.05,winner,2,3
2007,DET,johnsam01,Inactive,1.16,other,2,4
2007,UTA,brownde03,Inactive,0.07,other,2,4
2007,NJN,krstine01,Inactive,0.09,other,2,4
2007,DET,johnsam01,Inactive,1.16,other,2,5
2007,UTA,brewero02,Did Not Play,0.7,other,2,5
2007,NJN,krstine01,Inactive,0.09,other,2,5
2007,SAS,horryro01,Player Suspended,0.77,winner,2,5
2007,PHO,stoudam01,Player Suspended,1.92,opponent,2,5
2007,DET,johnsam01,Inactive,1.16,other,2,6
2007,NJN,krstine01,Inactive,0.09,other,2,6
2007,SAS,horryro01,Did Not Play,0.77,winner,2,6
2007,UTA,brewero02,Did Not Play,0.7,opponent,3,1
2007,UTA,brownde03,Did Not Play,0.07,opponent,3,1
2007,SAS,bonnema01,Did Not Play,0.05,winner,3,1
2007,DET,johnsam01,Inactive,1.16,other,3,1
2007,UTA,brewero02,Did Not Play,0.7,opponent,3,2
2007,UTA,brownde03,Did Not Play,0.07,opponent,3,2
2007,DET,johnsam01,Inactive,1.16,other,3,2
2007,DET,johnsam01,Inactive,1.16,other,3,3
2007,SAS,bonnema01,Did Not Play,0.05,winner,3,4
2007,DET,johnsam01,Inactive,1.16,other,3,4
2007,DET,johnsam01,Inactive,1.16,other,3,5
2007,DET,johnsam01,Inactive,1.16,other,3,6
2007,SAS,bonnema01,Did Not Play,0.05,winner,4,1
2007,SAS,bonnema01,Did Not Play,0.05,winner,4,2
2007,SAS,bonnema01,Did Not Play,0.05,winner,4,3
2007,SAS,bonnema01,Did Not Play,0.05,winner,4,4
2008,HOU,alstora01,Inactive,0.42,other,1,1
2008,HOU,mingya01,Inactive,3.03,other,1,1
2008,NOH,anderch01,Inactive,0.58,other,1,1
2008,SAS,horryro01,Did Not Play,0.06,other,1,1
2008,DET,johnsam01,Did Not Play,1.62,other,1,1
2008,DEN,hilarne01,Did Not Play,1.84,other,1,1
2008,TOR,garbajo01,Inactive,0.11,other,1,1
2008,UTA,milescj01,Did Not Play,0.48,other,1,2
2008,HOU,alstora01,Inactive,0.42,other,1,2
2008,HOU,mingya01,Inactive,3.03,other,1,2
2008,NOH,anderch01,Inactive,0.58,other,1,2
2008,TOR,garbajo01,Inactive,0.11,other,1,2
2008,LAL,arizatr01,Inactive,1.19,other,1,2
2008,LAL,bynuman01,Inactive,1.04,other,1,2
2008,TOR,garbajo01,Inactive,0.11,other,1,3
2008,HOU,headlu01,Did Not Play,0.21,other,1,3
2008,UTA,milescj01,Did Not Play,0.48,other,1,3
2008,HOU,mingya01,Inactive,3.03,other,1,3
2008,NOH,anderch01,Inactive,0.58,other,1,3
2008,LAL,arizatr01,Inactive,1.19,other,1,3
2008,LAL,bynuman01,Inactive,1.04,other,1,3
2008,TOR,garbajo01,Inactive,0.11,other,1,4
2008,UTA,milescj01,Did Not Play,0.48,other,1,4
2008,HOU,mingya01,Inactive,3.03,other,1,4
2008,NOH,anderch01,Inactive,0.58,other,1,4
2008,DET,johnsam01,Did Not Play,1.62,other,1,4
2008,PHO,hillgr01,Did Not Play,0.62,other,1,4
2008,BOS,allento01,Did Not Play,0.17,winner,1,4
2008,LAL,arizatr01,Inactive,1.19,other,1,4
2008,LAL,bynuman01,Inactive,1.04,other,1,4
2008,TOR,garbajo01,Inactive,0.11,other,1,5
2008,HOU,mingya01,Inactive,3.03,other,1,5
2008,NOH,anderch01,Inactive,0.58,other,1,5
2008,PHO,hillgr01,Inactive,0.62,other,1,5
2008,WAS,arenagi01,Did Not Dress,3.54,other,1,5
2008,HOU,mingya01,Inactive,3.03,other,1,6
2008,WAS,arenagi01,Did Not Dress,3.54,other,1,6
2008,NOH,anderch01,Inactive,0.58,other,2,1
2008,LAL,arizatr01,Inactive,1.19,other,2,1
2008,LAL,bynuman01,Inactive,1.04,other,2,1
2008,DET,johnsam01,Did Not Play,1.62,other,2,2
2008,NOH,anderch01,Inactive,0.58,other,2,2
2008,LAL,arizatr01,Inactive,1.19,other,2,2
2008,LAL,bynuman01,Inactive,1.04,other,2,2
2008,NOH,anderch01,Inactive,0.58,other,2,3
2008,UTA,milescj01,Did Not Play,0.48,other,2,3
2008,LAL,arizatr01,Inactive,1.19,other,2,3
2008,LAL,bynuman01,Inactive,1.04,other,2,3
2008,DET,billuch01,Inactive,2.96,other,2,4
2008,DET,johnsam01,Inactive,1.62,other,2,4
2008,NOH,anderch01,Inactive,0.58,other,2,4
2008,UTA,milescj01,Did Not Play,0.48,other,2,4
2008,LAL,arizatr01,Inactive,1.19,other,2,4
2008,LAL,bynuman01,Inactive,1.04,other,2,4
2008,BOS,allento01,Did Not Play,0.17,winner,2,4
2008,DET,billuch01,Inactive,2.96,other,2,5
2008,DET,johnsam01,Inactive,1.62,other,2,5
2008,NOH,anderch01,Inactive,0.58,other,2,5
2008,BOS,allento01,Did Not Play,0.17,winner,2,5
2008,LAL,arizatr01,Inactive,1.19,other,2,5
2008,LAL,bynuman01,Inactive,1.04,other,2,5
2008,NOH,anderch01,Inactive,0.58,other,2,6
2008,BOS,allento01,Did Not Play,0.17,winner,2,6
2008,CLE,gibsoda01,Inactive,0.33,opponent,2,6
2008,LAL,arizatr01,Inactive,1.19,other,2,6
2008,LAL,bynuman01,Inactive,1.04,other,2,6
2008,BOS,allento01,Did Not Play,0.17,winner,2,7
2008,CLE,gibsoda01,Inactive,0.33,opponent,2,7
2008,NOH,wrighju01,Did Not Play,1.01,other,2,7
2008,NOH,anderch01,Inactive,0.58,other,2,7
2008,DET,johnsam01,Did Not Play,1.62,opponent,3,1
2008,LAL,arizatr01,Inactive,1.19,other,3,1
2008,LAL,bynuman01,Inactive,1.04,other,3,1
2008,DET,johnsam01,Did Not Play,1.62,opponent,3,2
2008,LAL,bynuman01,Inactive,1.04,other,3,2
2008,BOS,allento01,Did Not Play,0.17,winner,3,3
2008,LAL,bynuman01,Inactive,1.04,other,3,3
2008,LAL,bynuman01,Inactive,1.04,other,3,4
2008,DET,johnsam01,Did Not Play,1.62,opponent,3,5
2008,BOS,allento01,Inactive,0.17,winner,3,5
2008,SAS,horryro01,Did Not Play,0.06,other,3,5
2008,SAS,udokaim01,Did Not Play,1.01,other,3,5
2008,LAL,arizatr01,Did Not Play,1.19,other,3,5
2008,LAL,bynuman01,Inactive,1.04,other,3,5
2008,DET,johnsam01,Did Not Play,1.62,opponent,3,6
2008,BOS,allento01,Inactive,0.17,winner,3,6
2008,LAL,arizatr01,Did Not Play,1.19,opponent,4,1
2008,BOS,allento01,Did Not Play,0.17,winner,4,1
2008,LAL,bynuman01,Inactive,1.04,opponent,4,1
2008,BOS,allento01,Did Not Play,0.17,winner,4,2
2008,LAL,bynuman01,Inactive,1.04,opponent,4,2
2008,BOS,allento01,Did Not Play,0.17,winner,4,3
2008,LAL,bynuman01,Inactive,1.04,opponent,4,3
2008,LAL,bynuman01,Inactive,1.04,opponent,4,4
2008,BOS,perkike01,Inactive,0.77,winner,4,5
2008,LAL,bynuman01,Inactive,1.04,opponent,4,5
2008,LAL,bynuman01,Inactive,1.04,opponent,4,6
2009,CHI,denglu01,Inactive,0.21,other,1,1
2009,BOS,garneke01,Inactive,6.56,other,1,1
2009,HOU,mcgratr01,Inactive,1.39,other,1,1
2009,SAS,ginobma01,Inactive,5.01,other,1,1
2009,UTA,fesenky01,Did Not Play,0.13,opponent,1,1
2009,UTA,okurme01,Inactive,0.41,opponent,1,1
2009,PHI,brandel01,Inactive,0.49,other,1,1
2009,ORL,nelsoja01,Inactive,3.25,other,1,1
2009,CHI,thomati01,Did Not Play,0.25,other,1,2
2009,CHI,denglu01,Inactive,0.21,other,1,2
2009,BOS,garneke01,Inactive,6.56,other,1,2
2009,SAS,ginobma01,Inactive,5.01,other,1,2
2009,UTA,fesenky01,Did Not Play,0.13,opponent,1,2
2009,UTA,okurme01,Inactive,0.41,opponent,1,2
2009,HOU,mcgratr01,Inactive,1.39,other,1,2
2009,MIA,quinnch01,Did Not Play,0.3,other,1,2
2009,DEN,balkmre01,Did Not Play,1.5,other,1,2
2009,PHI,brandel01,Inactive,0.49,other,1,2
2009,ORL,nelsoja01,Inactive,3.25,other,1,2
2009,BOS,garneke01,Inactive,6.56,other,1,3
2009,BOS,powele01,Inactive,1.15,other,1,3
2009,CHI,denglu01,Inactive,0.21,other,1,3
2009,SAS,ginobma01,Inactive,5.01,other,1,3
2009,UTA,fesenky01,Did Not Play,0.13,opponent,1,3
2009,UTA,okurme01,Inactive,0.41,opponent,1,3
2009,DET,johnsam01,Did Not Play,1.2,other,1,3
2009,HOU,mcgratr01,Inactive,1.39,other,1,3
2009,ORL,nelsoja01,Inactive,3.25,other,1,3
2009,PHI,brandel01,Inactive,0.49,other,1,3
2009,SAS,ginobma01,Inactive,5.01,other,1,4
2009,ATL,willima02,Inactive,0.1,other,1,3
2009,DEN,balkmre01,Did Not Play,1.5,other,1,3
2009,UTA,fesenky01,Inactive,0.13,opponent,1,4
2009,CHI,thomati01,Did Not Play,0.25,other,1,4
2009,BOS,garneke01,Inactive,6.56,other,1,4
2009,BOS,powele01,Inactive,1.15,other,1,4
2009,CHI,denglu01,Inactive,0.21,other,1,4
2009,HOU,mcgratr01,Inactive,1.39,other,1,4
2009,ORL,nelsoja01,Inactive,3.25,other,1,4
2009,PHI,brandel01,Inactive,0.49,other,1,4
2009,UTA,fesenky01,Inactive,0.13,opponent,1,5
2009,MIA,quinnch01,Did Not Play,0.3,other,1,4
2009,ATL,willima02,Inactive,0.1,other,1,4
2009,MIA,moonja01,Inactive,1.18,other,1,4
2009,CHI,thomati01,Did Not Play,0.25,other,1,5
2009,CHI,denglu01,Inactive,0.21,other,1,5
2009,BOS,garneke01,Inactive,6.56,other,1,5
2009,BOS,powele01,Inactive,1.15,other,1,5
2009,PHI,brandel01,Inactive,0.49,other,1,5
2009,ORL,nelsoja01,Inactive,3.25,other,1,5
2009,HOU,mcgratr01,Inactive,1.39,other,1,5
2009,DAL,singlja01,Did Not Play,0.34,other,1,5
2009,SAS,ginobma01,Inactive,5.01,other,1,5
2009,MIA,moonja01,Inactive,1.18,other,1,5
2009,ATL,willima02,Inactive,0.1,other,1,5
2009,NOH,chandty01,Inactive,1.45,other,1,5
2009,CHI,thomati01,Did Not Play,0.25,other,1,6
2009,BOS,garneke01,Inactive,6.56,other,1,6
2009,BOS,powele01,Inactive,1.15,other,1,6
2009,CHI,denglu01,Inactive,0.21,other,1,6
2009,HOU,mcgratr01,Inactive,1.39,other,1,6
2009,ORL,howardw01,Player Suspended,3.42,other,1,6
2009,ORL,nelsoja01,Inactive,3.25,other,1,6
2009,PHI,brandel01,Inactive,0.49,other,1,6
2009,ATL,horfoal01,Did Not Play,0.38,other,1,6
2009,MIA,onealje01,Not With Team,0.76,other,1,6
2009,MIA,moonja01,Inactive,1.18,other,1,6
2009,CHI,thomati01,Did Not Play,0.25,other,1,7
2009,BOS,allento01,Did Not Play,0.11,other,1,7
2009,CHI,denglu01,Inactive,0.21,other,1,7
2009,BOS,garneke01,Inactive,6.56,other,1,7
2009,BOS,powele01,Inactive,1.15,other,1,7
2009,ATL,willima02,Did Not Play,0.1,other,1,7
2009,MIA,moonja01,Inactive,1.18,other,1,7
2009,DEN,balkmre01,Did Not Play,1.5,other,2,1
2009,ORL,nelsoja01,Inactive,3.25,other,2,1
2009,BOS,garneke01,Inactive,6.56,other,2,1
2009,BOS,powele01,Inactive,1.15,other,2,1
2009,HOU,mcgratr01,Inactive,1.39,opponent,2,1
2009,ORL,nelsoja01,Inactive,3.25,other,2,2
2009,BOS,garneke01,Inactive,6.56,other,2,2
2009,BOS,powele01,Inactive,1.15,other,2,2
2009,HOU,mcgratr01,Inactive,1.39,opponent,2,2
2009,ATL,horfoal01,Inactive,0.38,other,2,2
2009,ATL,willima02,Inactive,0.1,other,2,2
2009,LAL,fishede01,Player Suspended,1.67,winner,2,3
2009,HOU,mcgratr01,Inactive,1.39,opponent,2,3
2009,BOS,garneke01,Inactive,6.56,other,2,3
2009,BOS,powele01,Inactive,1.15,other,2,3
2009,ORL,nelsoja01,Inactive,3.25,other,2,3
2009,DEN,balkmre01,Did Not Play,1.5,other,2,3
2009,HOU,mingya01,Did Not Dress,3.74,opponent,2,4
2009,HOU,mcgratr01,Inactive,1.39,opponent,2,4
2009,BOS,allento01,Did Not Play,0.11,other,2,4
2009,BOS,garneke01,Inactive,6.56,other,2,4
2009,BOS,powele01,Inactive,1.15,other,2,4
2009,ORL,nelsoja01,Inactive,3.25,other,2,4
2009,DEN,anderch01,Did Not Dress,1.08,other,2,4
2009,BOS,allento01,Did Not Play,0.11,other,2,5
2009,ORL,nelsoja01,Inactive,3.25,other,2,5
2009,BOS,garneke01,Inactive,6.56,other,2,5
2009,BOS,powele01,Inactive,1.15,other,2,5
2009,HOU,mcgratr01,Inactive,1.39,opponent,2,5
2009,HOU,mingya01,Inactive,3.74,opponent,2,5
2009,HOU,mcgratr01,Inactive,1.39,opponent,2,6
2009,HOU,mingya01,Inactive,3.74,opponent,2,6
2009,BOS,allento01,Did Not Play,0.11,other,2,6
2009,BOS,garneke01,Inactive,6.56,other,2,6
2009,BOS,powele01,Inactive,1.15,other,2,6
2009,ORL,nelsoja01,Inactive,3.25,other,2,6
2009,ORL,nelsoja01,Inactive,3.25,other,2,7
2009,BOS,garneke01,Inactive,6.56,other,2,7
2009,BOS,powele01,Inactive,1.15,other,2,7
2009,HOU,mcgratr01,Inactive,1.39,opponent,2,7
2009,HOU,mingya01,Inactive,3.74,opponent,2,7
2009,DEN,balkmre01,Did Not Play,1.5,opponent,3,1
2009,ORL,nelsoja01,Inactive,3.25,other,3,1
2009,DEN,balkmre01,Inactive,1.5,opponent,3,2
2009,ORL,nelsoja01,Inactive,3.25,other,3,2
2009,DEN,balkmre01,Did Not Play,1.5,opponent,3,3
2009,ORL,nelsoja01,Inactive,3.25,other,3,3
2009,ORL,nelsoja01,Inactive,3.25,other,3,4
2009,DEN,balkmre01,Did Not Play,1.5,opponent,3,5
2009,ORL,nelsoja01,Inactive,3.25,other,3,5
2009,ORL,nelsoja01,Inactive,3.25,other,3,6
2010,MIL,bogutan01,Inactive,2.63,other,1,1
2010,UTA,kirilan01,Inactive,3.85,other,1,1
2010,DEN,balkmre01,Inactive,1.29,other,1,1
2010,DAL,beaubro01,Did Not Play,0.14,other,1,1
2010,OKC,whitedj01,Did Not Play,0.43,opponent,1,1
2010,OKC,weaveky01,Inactive,0.43,opponent,1,1
2010,POR,odengr01,Inactive,1.69,other,1,1
2010,POR,przybjo01,Inactive,0.38,other,1,1
2010,POR,roybr01,Inactive,2.08,other,1,1
2010,UTA,okurme01,Not With Team,0.69,other,1,2
2010,UTA,kirilan01,Inactive,3.85,other,1,2
2010,DEN,balkmre01,Inactive,1.29,other,1,2
2010,MIL,bogutan01,Inactive,2.63,other,1,2
2010,BOS,garneke01,Player Suspended,5.11,other,1,2
2010,OKC,whitedj01,Did Not Play,0.43,opponent,1,2
2010,OKC,weaveky01,Inactive,0.43,opponent,1,2
2010,POR,odengr01,Inactive,1.69,other,1,2
2010,POR,przybjo01,Inactive,0.38,other,1,2
2010,POR,roybr01,Inactive,2.08,other,1,2
2010,DAL,beaubro01,Did Not Play,0.14,other,1,2
2010,OKC,weaveky01,Did Not Play,0.43,opponent,1,3
2010,OKC,whitedj01,Inactive,0.43,opponent,1,3
2010,POR,odengr01,Inactive,1.69,other,1,3
2010,POR,przybjo01,Inactive,0.38,other,1,3
2010,POR,roybr01,Inactive,2.08,other,1,3
2010,UTA,okurme01,Did Not Play,0.69,other,1,3
2010,DEN,balkmre01,Inactive,1.29,other,1,3
2010,UTA,kirilan01,Inactive,3.85,other,1,3
2010,MIL,bogutan01,Inactive,2.63,other,1,3
2010,OKC,weaveky01,Inactive,0.43,opponent,1,4
2010,OKC,whitedj01,Inactive,0.43,opponent,1,4
2010,POR,odengr01,Inactive,1.69,other,1,4
2010,POR,przybjo01,Inactive,0.38,other,1,4
2010,UTA,okurme01,Did Not Play,0.69,other,1,4
2010,DEN,balkmre01,Inactive,1.29,other,1,4
2010,UTA,kirilan01,Inactive,3.85,other,1,4
2010,MIL,bogutan01,Inactive,2.63,other,1,4
2010,POR,odengr01,Inactive,1.69,other,1,5
2010,POR,przybjo01,Inactive,0.38,other,1,5
2010,CLE,ilgauzy01,Did Not Play,0.2,other,1,5
2010,DAL,dampier01,Did Not Play,0.53,other,1,5
2010,OKC,whitedj01,Inactive,0.43,opponent,1,5
2010,MIL,bogutan01,Inactive,2.63,other,1,5
2010,UTA,okurme01,Not With Team,0.69,other,1,5
2010,UTA,kirilan01,Inactive,3.85,other,1,5
2010,DEN,balkmre01,Inactive,1.29,other,1,5
2010,POR,odengr01,Inactive,1.69,other,1,6
2010,POR,przybjo01,Inactive,0.38,other,1,6
2010,MIL,bogutan01,Inactive,2.63,other,1,6
2010,OKC,weaveky01,Did Not Play,0.43,opponent,1,6
2010,OKC,whitedj01,Inactive,0.43,opponent,1,6
2010,DEN,balkmre01,Did Not Play,1.29,other,1,6
2010,UTA,okurme01,Did Not Play,0.69,other,1,6
2010,DEN,hilarne01,Inactive,3.76,other,1,6
2010,UTA,kirilan01,Inactive,3.85,other,1,6
2010,MIL,bogutan01,Did Not Play,2.63,other,1,7
2010,UTA,okurme01,Not With Team,0.69,opponent,2,1
2010,UTA,kirilan01,Inactive,3.85,opponent,2,1
2010,CLE,ilgauzy01,Did Not Play,0.2,other,2,2
2010,UTA,okurme01,Not With Team,0.69,opponent,2,2
2010,UTA,kirilan01,Inactive,3.85,opponent,2,2
2010,CLE,ilgauzy01,Did Not Play,0.2,other,2,3
2010,UTA,okurme01,Inactive,0.69,opponent,2,3
2010,CLE,ilgauzy01,Did Not Play,0.2,other,2,4
2010,UTA,okurme01,Inactive,0.69,opponent,2,4
2010,ORL,anderry01,Did Not Play,0.6,other,3,1
2010,ORL,anderry01,Did Not Play,0.6,other,3,2
2010,ORL,anderry01,Did Not Play,0.6,other,3,4
2010,ORL,anderry01,Did Not Play,0.6,other,3,5
2010,ORL,anderry01,Did Not Play,0.6,other,3,6
2010,BOS,perkike01,Inactive,1.73,opponent,4,7
2011,POR,odengr01,Inactive,1.91,opponent,1,1
2011,DAL,butleca01,Inactive,0.91,winner,1,1
2011,NYK,balkmre01,Inactive,0.55,other,1,1
2011,BOS,onealsh01,Inactive,1.58,other,1,1
2011,NOH,westda01,Inactive,0.85,other,1,1
2011,DEN,afflaar01,Inactive,0.13,other,1,1
2011,SAS,splitti01,Did Not Play,0.05,other,1,1
2011,MEM,gayru01,Inactive,2.09,other,1,1
2011,SAS,ginobma01,Inactive,5.2,other,1,1
2011,NYK,balkmre01,Inactive,0.55,other,1,2
2011,NYK,billuch01,Inactive,0.61,other,1,2
2011,BOS,onealsh01,Inactive,1.58,other,1,2
2011,POR,odengr01,Inactive,1.91,opponent,1,2
2011,DAL,butleca01,Inactive,0.91,winner,1,2
2011,NOH,westda01,Inactive,0.85,other,1,2
2011,DEN,afflaar01,Inactive,0.13,other,1,2
2011,SAS,splitti01,Did Not Play,0.05,other,1,2
2011,MEM,gayru01,Inactive,2.09,other,1,2
2011,DAL,butleca01,Inactive,0.91,winner,1,3
2011,POR,odengr01,Inactive,1.91,opponent,1,3
2011,NOH,westda01,Inactive,0.85,other,1,3
2011,BOS,onealsh01,Inactive,1.58,other,1,3
2011,NYK,balkmre01,Inactive,0.55,other,1,3
2011,NYK,billuch01,Inactive,0.61,other,1,3
2011,SAS,splitti01,Did Not Play,0.05,other,1,3
2011,MEM,gayru01,Inactive,2.09,other,1,3
2011,DAL,butleca01,Inactive,0.91,winner,1,4
2011,POR,odengr01,Inactive,1.91,opponent,1,4
2011,ORL,richaja01,Player Suspended,0.66,other,1,4
2011,NOH,westda01,Inactive,0.85,other,1,4
2011,BOS,onealsh01,Inactive,1.58,other,1,4
2011,NYK,balkmre01,Inactive,0.55,other,1,4
2011,NYK,billuch01,Inactive,0.61,other,1,4
2011,POR,odengr01,Inactive,1.91,opponent,1,5
2011,DAL,butleca01,Inactive,0.91,winner,1,5
2011,MEM,gayru01,Inactive,2.09,other,1,4
2011,NOH,westda01,Inactive,0.85,other,1,5
2011,MEM,gayru01,Inactive,2.09,other,1,5
2011,NOH,westda01,Inactive,0.85,other,1,6
2011,DAL,butleca01,Inactive,0.91,winner,1,6
2011,POR,odengr01,Inactive,1.91,opponent,1,6
2011,MEM,gayru01,Inactive,2.09,other,1,6
2011,BOS,onealsh01,Inactive,1.58,other,2,1
2011,MEM,gayru01,Inactive,2.09,other,2,1
2011,DAL,butleca01,Inactive,0.91,winner,2,1
2011,BOS,onealsh01,Inactive,1.58,other,2,2
2011,MEM,gayru01,Inactive,2.09,other,2,2
2011,DAL,butleca01,Inactive,0.91,winner,2,2
2011,LAL,artesro01,Player Suspended,2.45,opponent,2,3
2011,DAL,butleca01,Inactive,0.91,winner,2,3
2011,MEM,gayru01,Inactive,2.09,other,2,3
2011,DAL,butleca01,Inactive,0.91,winner,2,4
2011,MEM,gayru01,Inactive,2.09,other,2,4
2011,BOS,onealsh01,Inactive,1.58,other,2,5
2011,MEM,gayru01,Inactive,2.09,other,2,5
2011,MEM,gayru01,Inactive,2.09,other,2,6
2011,MEM,gayru01,Inactive,2.09,other,2,7
2011,DAL,butleca01,Inactive,0.91,winner,3,1
2011,DAL,butleca01,Inactive,0.91,winner,3,2
2011,DAL,butleca01,Inactive,0.91,winner,3,3
2011,MIA,jonesja02,Did Not Play,0.12,other,3,3
2011,DAL,butleca01,Inactive,0.91,winner,3,4
2011,MIA,jonesja02,Did Not Play,0.12,other,3,4
2011,DAL,butleca01,Inactive,0.91,winner,3,5
2011,MIA,jonesja02,Did Not Play,0.12,other,3,5
2011,MIA,jonesja02,Did Not Play,0.12,opponent,4,1
2011,DAL,butleca01,Inactive,0.91,winner,4,1
2011,MIA,jonesja02,Did Not Play,0.12,opponent,4,2
2011,DAL,butleca01,Inactive,0.91,winner,4,2
2011,MIA,jonesja02,Did Not Play,0.12,opponent,4,3
2011,DAL,butleca01,Inactive,0.91,winner,4,3
2011,DAL,haywobr01,Inactive,0.8,winner,4,3
2011,MIA,jonesja02,Did Not Play,0.12,opponent,4,4
2011,DAL,butleca01,Inactive,0.91,winner,4,4
2011,MIA,jonesja02,Did Not Play,0.12,opponent,4,5
2011,DAL,butleca01,Inactive,0.91,winner,4,5
2011,DAL,haywobr01,Inactive,0.8,winner,4,5
2011,DAL,haywobr01,Did Not Play,0.8,winner,4,6
2011,MIA,jonesja02,Did Not Play,0.12,opponent,4,6
2011,DAL,butleca01,Inactive,0.91,winner,4,6
2012,ORL,howardw01,Inactive,4.05,other,1,1
2012,IND,fosteje01,Inactive,1.3,other,1,1
2012,NYK,linje01,Inactive,1.76,opponent,1,1
2012,DAL,beaubro01,Did Not Play,0.3,other,1,1
2012,ATL,radmavl01,Did Not Play,0.06,other,1,1
2012,ATL,horfoal01,Inactive,2.09,other,1,1
2012,DEN,anderch01,Did Not Play,1.54,other,1,1
2012,LAL,artesro01,Player Suspended,1.32,other,1,1
2012,DEN,chandwi01,Inactive,0.36,other,1,1
2012,MEM,haddaha01,Did Not Play,0.42,other,1,1
2012,LAC,billuch01,Inactive,0.17,other,1,1
2012,UTA,milescj01,Inactive,0.42,other,1,1
2012,UTA,watsoea01,Inactive,0.69,other,1,1
2012,ORL,howardw01,Inactive,4.05,other,1,2
2012,IND,fosteje01,Inactive,1.3,other,1,2
2012,MIA,turiaro01,Did Not Play,0.86,winner,1,2
2012,NYK,linje01,Inactive,1.76,opponent,1,2
2012,BOS,rondora01,Player Suspended,0.77,other,1,2
2012,ATL,radmavl01,Did Not Play,0.06,other,1,2
2012,ATL,horfoal01,Inactive,2.09,other,1,2
2012,CHI,rosede01,Inactive,2.73,other,1,2
2012,DEN,anderch01,Did Not Play,1.54,other,1,2
2012,LAL,artesro01,Player Suspended,1.32,other,1,2
2012,DEN,chandwi01,Inactive,0.36,other,1,2
2012,MEM,haddaha01,Did Not Play,0.42,other,1,2
2012,LAC,billuch01,Inactive,0.17,other,1,2
2012,LAC,butleca01,Inactive,0.15,other,1,2
2012,IND,fosteje01,Inactive,1.3,other,1,3
2012,ORL,howardw01,Inactive,4.05,other,1,3
2012,SAS,splitti01,Did Not Play,1.51,other,1,2
2012,UTA,milescj01,Inactive,0.42,other,1,2
2012,UTA,watsoea01,Inactive,0.69,other,1,2
2012,MIA,turiaro01,Did Not Play,0.86,winner,1,3
2012,NYK,linje01,Inactive,1.76,opponent,1,3
2012,NYK,stoudam01,Inactive,0.02,opponent,1,3
2012,ATL,smithjo03,Did Not Dress,3.47,other,1,3
2012,ATL,horfoal01,Inactive,2.09,other,1,3
2012,LAL,artesro01,Player Suspended,1.32,other,1,3
2012,DEN,anderch01,Did Not Play,1.54,other,1,3
2012,DEN,chandwi01,Inactive,0.36,other,1,3
2012,CHI,brewero02,Did Not Play,0.56,other,1,3
2012,CHI,rosede01,Inactive,2.73,other,1,3
2012,DAL,beaubro01,Did Not Play,0.3,other,1,4
2012,MEM,haddaha01,Did Not Play,0.42,other,1,3
2012,LAC,billuch01,Inactive,0.17,other,1,3
2012,IND,fosteje01,Inactive,1.3,other,1,4
2012,ORL,howardw01,Inactive,4.05,other,1,4
2012,UTA,evansje01,Did Not Play,0.7,other,1,3
2012,UTA,milescj01,Inactive,0.42,other,1,3
2012,UTA,watsoea01,Inactive,0.69,other,1,3
2012,LAL,artesro01,Player Suspended,1.32,other,1,4
2012,DEN,anderch01,Did Not Play,1.54,other,1,4
2012,DEN,chandwi01,Inactive,0.36,other,1,4
2012,MIA,turiaro01,Did Not Play,0.86,winner,1,4
2012,NYK,linje01,Inactive,1.76,opponent,1,4
2012,CHI,noahjo01,Did Not Dress,1.76,other,1,4
2012,CHI,rosede01,Inactive,2.73,other,1,4
2012,LAC,billuch01,Inactive,0.17,other,1,4
2012,UTA,evansje01,Did Not Play,0.7,other,1,4
2012,UTA,milescj01,Inactive,0.42,other,1,4
2012,UTA,watsoea01,Inactive,0.69,other,1,4
2012,ATL,radmavl01,Did Not Play,0.06,other,1,5
2012,CHI,noahjo01,Did Not Dress,1.76,other,1,5
2012,CHI,rosede01,Inactive,2.73,other,1,5
2012,ORL,howardw01,Inactive,4.05,other,1,5
2012,IND,fosteje01,Inactive,1.3,other,1,5
2012,DEN,anderch01,Did Not Play,1.54,other,1,5
2012,DEN,chandwi01,Inactive,0.36,other,1,5
2012,LAL,artesro01,Inactive,1.32,other,1,5
2012,LAC,billuch01,Inactive,0.17,other,1,5
2012,MIA,turiaro01,Did Not Play,0.86,winner,1,5
2012,NYK,davisba01,Inactive,0.63,opponent,1,5
2012,NYK,linje01,Inactive,1.76,opponent,1,5
2012,ATL,radmavl01,Did Not Play,0.06,other,1,6
2012,DEN,anderch01,Did Not Play,1.54,other,1,6
2012,LAL,artesro01,Inactive,1.32,other,1,6
2012,DEN,chandwi01,Inactive,0.36,other,1,6
2012,CHI,noahjo01,Did Not Play,1.76,other,1,6
2012,PHI,allenla01,Did Not Play,0.04,other,1,6
2012,CHI,rosede01,Inactive,2.73,other,1,6
2012,LAC,billuch01,Inactive,0.17,other,1,6
2012,DEN,chandwi01,Did Not Play,0.36,other,1,7
2012,DEN,anderch01,Inactive,1.54,other,1,7
2012,LAC,billuch01,Inactive,0.17,other,1,7
2012,IND,fosteje01,Inactive,1.3,opponent,2,1
2012,IND,fosteje01,Inactive,1.3,opponent,2,2
2012,MIA,boshch01,Inactive,2.64,winner,2,2
2012,LAC,billuch01,Inactive,0.17,other,2,1
2012,MIA,boshch01,Inactive,2.64,winner,2,3
2012,IND,fosteje01,Inactive,1.3,opponent,2,3
2012,LAC,billuch01,Inactive,0.17,other,2,2
2012,LAC,billuch01,Inactive,0.17,other,2,3
2012,MIA,boshch01,Inactive,2.64,winner,2,4
2012,IND,fosteje01,Inactive,1.3,opponent,2,4
2012,LAC,billuch01,Inactive,0.17,other,2,4
2012,LAL,barnema02,Did Not Play,0.44,other,2,5
2012,IND,fosteje01,Inactive,1.3,opponent,2,5
2012,MIA,boshch01,Inactive,2.64,winner,2,5
2012,MIA,boshch01,Inactive,2.64,winner,2,6
2012,IND,fosteje01,Inactive,1.3,opponent,2,6
2012,MIA,boshch01,Inactive,2.64,winner,3,1
2012,MIA,boshch01,Inactive,2.64,winner,3,2
2012,MIA,boshch01,Inactive,2.64,winner,3,3
2012,MIA,turiaro01,Did Not Play,0.86,winner,3,4
2012,MIA,boshch01,Inactive,2.64,winner,3,4
2012,MIA,anthojo01,Did Not Play,0.09,winner,3,5
2012,MIA,turiaro01,Did Not Play,0.86,winner,3,5
2012,SAS,bonnema01,Did Not Play,2.36,other,3,6
2012,MIA,anthojo01,Did Not Play,0.09,winner,3,7
2012,MIA,turiaro01,Did Not Play,0.86,winner,3,7
2012,MIA,turiaro01,Did Not Play,0.86,winner,4,1
2012,MIA,anthojo01,Did Not Play,0.09,winner,4,2
2012,MIA,turiaro01,Did Not Play,0.86,winner,4,2
2012,MIA,anthojo01,Did Not Play,0.09,winner,4,3
2012,MIA,turiaro01,Did Not Play,0.86,winner,4,3
2012,MIA,anthojo01,Did Not Play,0.09,winner,4,4
2012,MIA,turiaro01,Did Not Play,0.86,winner,4,4
2012,MIA,anthojo01,Did Not Play,0.09,winner,4,5
2013,CHI,rosede01,Inactive,2.66,other,1,1
2013,DEN,farieke01,Did Not Play,0.83,other,1,1
2013,GSW,rushbr01,Inactive,0.68,other,1,1
2013,DEN,gallida01,Inactive,2.36,other,1,1
2013,BOS,rondora01,Inactive,0.65,other,1,1
2013,NYK,prigipa01,Inactive,1.61,other,1,1
2013,NYK,stoudam01,Inactive,0.73,other,1,1
2013,IND,grangda01,Inactive,2.04,other,1,1
2013,LAL,bryanko01,Inactive,2.35,other,1,1
2013,CHI,rosede01,Inactive,2.66,other,1,2
2013,GSW,rushbr01,Inactive,0.68,other,1,2
2013,DEN,gallida01,Inactive,2.36,other,1,2
2013,BOS,rondora01,Inactive,0.65,other,1,2
2013,NYK,stoudam01,Inactive,0.73,other,1,2
2013,IND,grangda01,Inactive,2.04,other,1,2
2013,LAL,bryanko01,Inactive,2.35,other,1,2
2013,CHI,rosede01,Inactive,2.66,other,1,3
2013,MIL,ayongu01,Did Not Play,0.02,opponent,1,3
2013,NYK,stoudam01,Inactive,0.73,other,1,3
2013,BOS,rondora01,Inactive,0.65,other,1,3
2013,DEN,gallida01,Inactive,2.36,other,1,3
2013,GSW,rushbr01,Inactive,0.68,other,1,3
2013,LAL,nashst01,Did Not Dress,1.95,other,1,3
2013,LAL,bryanko01,Inactive,2.35,other,1,3
2013,IND,grangda01,Inactive,2.04,other,1,3
2013,CHI,rosede01,Inactive,2.66,other,1,4
2013,OKC,westbru01,Inactive,4.82,other,1,3
2013,NYK,copelch01,Did Not Play,0.06,other,1,4
2013,NYK,smithjr01,Player Suspended,2.32,other,1,4
2013,BOS,leeco01,Did Not Play,0.1,other,1,4
2013,NYK,stoudam01,Inactive,0.73,other,1,4
2013,BOS,rondora01,Inactive,0.65,other,1,4
2013,DEN,gallida01,Inactive,2.36,other,1,4
2013,GSW,rushbr01,Inactive,0.68,other,1,4
2013,LAL,artesro01,Not With Team,1.7,other,1,4
2013,LAL,nashst01,Did Not Dress,1.95,other,1,4
2013,SAS,splitti01,Inactive,2.58,other,1,4
2013,LAL,bryanko01,Inactive,2.35,other,1,4
2013,MIA,wadedw01,Did Not Play,5.47,winner,1,4
2013,IND,grangda01,Inactive,2.04,other,1,4
2013,CHI,rosede01,Inactive,2.66,other,1,5
2013,OKC,westbru01,Inactive,4.82,other,1,4
2013,GSW,rushbr01,Inactive,0.68,other,1,5
2013,DEN,gallida01,Inactive,2.36,other,1,5
2013,IND,grangda01,Inactive,2.04,other,1,5
2013,BOS,leeco01,Did Not Play,0.1,other,1,5
2013,NYK,copelch01,Did Not Play,0.06,other,1,5
2013,BOS,rondora01,Inactive,0.65,other,1,5
2013,NYK,stoudam01,Inactive,0.73,other,1,5
2013,OKC,westbru01,Inactive,4.82,other,1,5
2013,CHI,denglu01,Not With Team,1.71,other,1,6
2013,CHI,rosede01,Inactive,2.66,other,1,6
2013,DEN,gallida01,Inactive,2.36,other,1,6
2013,GSW,rushbr01,Inactive,0.68,other,1,6
2013,IND,grangda01,Inactive,2.04,other,1,6
2013,NYK,copelch01,Did Not Play,0.06,other,1,6
2013,NYK,novakst01,Inactive,0.36,other,1,6
2013,NYK,stoudam01,Inactive,0.73,other,1,6
2013,BOS,rondora01,Inactive,0.65,other,1,6
2013,OKC,westbru01,Inactive,4.82,other,1,6
2013,HOU,delfica01,Inactive,0.33,other,1,6
2013,CHI,denglu01,Inactive,1.71,other,1,7
2013,CHI,rosede01,Inactive,2.66,other,1,7
2013,IND,grangda01,Inactive,2.04,other,2,1
2013,NYK,novakst01,Inactive,0.36,other,2,1
2013,NYK,stoudam01,Inactive,0.73,other,2,1
2013,OKC,westbru01,Inactive,4.82,other,2,1
2013,CHI,denglu01,Inactive,1.71,opponent,2,1
2013,CHI,rosede01,Inactive,2.66,opponent,2,1
2013,GSW,rushbr01,Inactive,0.68,other,2,1
2013,SAS,splitti01,Inactive,2.58,other,2,1
2013,IND,grangda01,Inactive,2.04,other,2,2
2013,NYK,stoudam01,Inactive,0.73,other,2,2
2013,OKC,westbru01,Inactive,4.82,other,2,2
2013,CHI,denglu01,Inactive,1.71,opponent,2,2
2013,CHI,rosede01,Inactive,2.66,opponent,2,2
2013,GSW,rushbr01,Inactive,0.68,other,2,2
2013,CHI,denglu01,Inactive,1.71,opponent,2,3
2013,CHI,rosede01,Inactive,2.66,opponent,2,3
2013,GSW,rushbr01,Inactive,0.68,other,2,3
2013,IND,grangda01,Inactive,2.04,other,2,3
2013,OKC,westbru01,Inactive,4.82,other,2,3
2013,GSW,rushbr01,Inactive,0.68,other,2,4
2013,CHI,denglu01,Did Not Dress,1.71,opponent,2,4
2013,CHI,rosede01,Inactive,2.66,opponent,2,4
2013,OKC,westbru01,Inactive,4.82,other,2,4
2013,IND,grangda01,Inactive,2.04,other,2,4
2013,GSW,rushbr01,Inactive,0.68,other,2,5
2013,CHI,denglu01,Inactive,1.71,opponent,2,5
2013,CHI,rosede01,Inactive,2.66,opponent,2,5
2013,OKC,westbru01,Inactive,4.82,other,2,5
2013,GSW,rushbr01,Inactive,0.68,other,2,6
2013,IND,grangda01,Inactive,2.04,other,2,5
2013,IND,hillge01,Inactive,2.68,other,2,5
2013,NYK,novakst01,Did Not Play,0.36,other,2,6
2013,IND,grangda01,Inactive,2.04,other,2,6
2013,IND,grangda01,Inactive,2.04,opponent,3,1
2013,IND,grangda01,Inactive,2.04,opponent,3,2
2013,IND,grangda01,Inactive,2.04,opponent,3,3
2013,IND,grangda01,Inactive,2.04,opponent,3,4
2013,IND,grangda01,Inactive,2.04,opponent,3,5
2013,MIA,anderch01,Player Suspended,0.84,winner,3,6
2013,IND,grangda01,Inactive,2.04,opponent,3,6
2013,MIA,battish01,Did Not Play,0.43,winner,3,7
2013,IND,grangda01,Inactive,2.04,opponent,3,7
2013,MIA,anderch01,Did Not Play,0.84,winner,4,4
2013,MIA,anderch01,Did Not Play,0.84,winner,4,5
2013,SAS,bonnema01,Did Not Play,0.77,opponent,4,7
2014,IND,copelch01,Did Not Play,0.22,other,1,1
2014,ATL,ayongu01,Inactive,0.27,other,1,1
2014,ATL,horfoal01,Inactive,2.24,other,1,1
2014,LAC,dudleja01,Did Not Play,0.58,other,1,1
2014,GSW,bogutan01,Inactive,2.46,other,1,1
2014,BRK,lopezbr01,Inactive,2.4,other,1,1
2014,CHI,rosede01,Inactive,0.21,other,1,1
2014,SAS,josepco01,Did Not Play,0.09,winner,1,1
2014,GSW,bogutan01,Inactive,2.46,other,1,2
2014,MEM,johnsja01,Did Not Play,1.19,other,1,2
2014,CHI,rosede01,Inactive,0.21,other,1,2
2014,ATL,ayongu01,Inactive,0.27,other,1,2
2014,ATL,horfoal01,Inactive,2.24,other,1,2
2014,TOR,novakst01,Did Not Play,0.07,other,1,2
2014,BRK,lopezbr01,Inactive,2.4,other,1,2
2014,ATL,ayongu01,Inactive,0.27,other,1,3
2014,ATL,horfoal01,Inactive,2.24,other,1,3
2014,LAC,dudleja01,Did Not Play,0.58,other,1,3
2014,GSW,bogutan01,Inactive,2.46,other,1,3
2014,MEM,johnsja01,Did Not Play,1.19,other,1,3
2014,BRK,lopezbr01,Inactive,2.4,other,1,3
2014,CHI,rosede01,Inactive,0.21,other,1,3
2014,IND,copelch01,Did Not Play,0.22,other,1,4
2014,ATL,ayongu01,Inactive,0.27,other,1,4
2014,ATL,horfoal01,Inactive,2.24,other,1,4
2014,BRK,lopezbr01,Inactive,2.4,other,1,4
2014,GSW,bogutan01,Inactive,2.46,other,1,4
2014,WAS,hilarne01,Player Suspended,1.83,other,1,4
2014,CHI,rosede01,Inactive,0.21,other,1,4
2014,CHA,jeffeal01,Did Not Dress,0.75,other,1,4
2014,SAS,josepco01,Did Not Play,0.09,winner,1,4
2014,ATL,ayongu01,Inactive,0.27,other,1,5
2014,ATL,horfoal01,Inactive,2.24,other,1,5
2014,CHI,rosede01,Inactive,0.21,other,1,5
2014,LAC,dudleja01,Did Not Play,0.58,other,1,5
2014,GSW,bogutan01,Inactive,2.46,other,1,5
2014,MEM,johnsja01,Did Not Play,1.19,other,1,5
2014,SAS,josepco01,Did Not Play,0.09,winner,1,5
2014,TOR,novakst01,Did Not Play,0.07,other,1,5
2014,BRK,lopezbr01,Inactive,2.4,other,1,5
2014,ATL,ayongu01,Inactive,0.27,other,1,6
2014,ATL,horfoal01,Inactive,2.24,other,1,6
2014,GSW,bogutan01,Inactive,2.46,other,1,6
2014,OKC,sefolth01,Did Not Play,0.83,other,1,6
2014,BRK,lopezbr01,Inactive,2.4,other,1,6
2014,SAS,josepco01,Did Not Play,0.09,winner,1,6
2014,DAL,wrighbr03,Did Not Play,0.46,opponent,1,6
2014,ATL,ayongu01,Inactive,0.27,other,1,7
2014,ATL,horfoal01,Inactive,2.24,other,1,7
2014,LAC,dudleja01,Did Not Play,0.58,other,1,7
2014,GSW,bogutan01,Inactive,2.46,other,1,7
2014,MEM,johnsja01,Did Not Play,1.19,other,1,7
2014,MEM,randoza01,Player Suspended,0.48,other,1,7
2014,OKC,collini01,Did Not Play,2.79,other,1,7
2014,OKC,sefolth01,Did Not Play,0.83,other,1,7
2014,TOR,novakst01,Did Not Play,0.07,other,1,7
2014,BRK,lopezbr01,Inactive,2.4,other,1,7
2014,BRK,lopezbr01,Inactive,2.4,other,2,1
2014,BRK,lopezbr01,Inactive,2.4,other,2,2
2014,IND,copelch01,Did Not Play,0.22,other,2,3
2014,BRK,lopezbr01,Inactive,2.4,other,2,3
2014,LAC,dudleja01,Did Not Play,0.58,other,2,4
2014,IND,copelch01,Did Not Play,0.22,other,2,4
2014,BRK,lopezbr01,Inactive,2.4,other,2,4
2014,BRK,lopezbr01,Inactive,2.4,other,2,5
2014,LAC,dudleja01,Did Not Play,0.58,other,2,6
2014,OKC,ibakase01,Inactive,1.66,opponent,3,1
2014,IND,copelch01,Did Not Play,0.22,other,3,2
2014,OKC,ibakase01,Inactive,1.66,opponent,3,2
2014,IND,copelch01,Did Not Play,0.22,other,3,3
2014,OKC,collini01,Did Not Play,2.79,opponent,3,3
2014,OKC,sefolth01,Did Not Play,0.83,opponent,3,3
2014,MIA,anderch01,Inactive,1.18,other,3,4
2014,OKC,sefolth01,Did Not Play,0.83,opponent,3,4
2014,IND,copelch01,Did Not Play,0.22,other,3,5
2014,MIA,anderch01,Inactive,1.18,other,3,5
2014,SAS,bonnema01,Did Not Play,0.51,winner,4,1
2014,SAS,josepco01,Did Not Play,0.09,winner,4,1
2014,SAS,josepco01,Did Not Play,0.09,winner,4,2
2015,GSW,leeda02,Inactive,0.11,winner,1,1
2015,HOU,beverpa01,Inactive,0.21,other,1,1
2015,TOR,johnsja01,Did Not Play,2.24,other,1,1
2015,ATL,sefolth01,Inactive,1.89,other,1,1
2015,BOS,wallage01,Did Not Play,0.86,other,1,1
2015,CLE,varejan01,Inactive,1.75,other,1,1
2015,POR,matthwe02,Inactive,1.21,other,1,1
2015,POR,wrighdo01,Inactive,0.32,other,1,1
2015,NOP,holidjr01,Did Not Dress,2.29,opponent,1,2
2015,GSW,leeda02,Inactive,0.11,winner,1,2
2015,BOS,pressph01,Did Not Play,0.15,other,1,2
2015,BOS,wallage01,Did Not Play,0.86,other,1,2
2015,CLE,varejan01,Inactive,1.75,other,1,2
2015,DAL,harride01,Inactive,1.04,other,1,2
2015,DAL,parsoch01,Inactive,1.41,other,1,2
2015,HOU,beverpa01,Inactive,0.21,other,1,2
2015,ATL,sefolth01,Inactive,1.89,other,1,2
2015,POR,matthwe02,Inactive,1.21,other,1,2
2015,POR,wrighdo01,Inactive,0.32,other,1,2
2015,BOS,pressph01,Did Not Play,0.15,other,1,3
2015,BOS,wallage01,Did Not Play,0.86,other,1,3
2015,CLE,varejan01,Inactive,1.75,other,1,3
2015,CHI,mirotni01,Inactive,1.53,other,1,3
2015,GSW,leeda02,Did Not Play,0.11,winner,1,3
2015,NOP,ajincal01,Did Not Play,0.33,opponent,1,3
2015,HOU,beverpa01,Inactive,0.21,other,1,3
2015,DAL,parsoch01,Inactive,1.41,other,1,3
2015,TOR,johnsja01,Did Not Play,2.24,other,1,3
2015,ATL,sefolth01,Inactive,1.89,other,1,3
2015,GSW,leeda02,Did Not Play,0.11,winner,1,4
2015,POR,matthwe02,Inactive,1.21,other,1,3
2015,POR,wrighdo01,Inactive,0.32,other,1,3
2015,CLE,varejan01,Inactive,1.75,other,1,4
2015,HOU,beverpa01,Inactive,0.21,other,1,4
2015,DAL,parsoch01,Inactive,1.41,other,1,4
2015,ATL,sefolth01,Inactive,1.89,other,1,4
2015,MEM,conlemi01,Inactive,3.2,other,1,4
2015,POR,matthwe02,Inactive,1.21,other,1,4
2015,POR,wrighdo01,Inactive,0.32,other,1,4
2015,DAL,parsoch01,Inactive,1.41,other,1,5
2015,HOU,beverpa01,Inactive,0.21,other,1,5
2015,SAS,josepco01,Did Not Play,0.21,other,1,5
2015,ATL,sefolth01,Inactive,1.89,other,1,5
2015,POR,matthwe02,Inactive,1.21,other,1,5
2015,POR,wrighdo01,Inactive,0.32,other,1,5
2015,MEM,conlemi01,Inactive,3.2,other,1,5
2015,SAS,josepco01,Did Not Play,0.21,other,1,6
2015,ATL,sefolth01,Inactive,1.89,other,1,6
2015,SAS,josepco01,Did Not Play,0.21,other,1,7
2015,ATL,sefolth01,Inactive,1.89,other,2,1
2015,MEM,conlemi01,Inactive,3.2,opponent,2,1
2015,CLE,smithjr01,Player Suspended,1.37,other,2,1
2015,CLE,loveke01,Inactive,2.41,other,2,1
2015,CLE,varejan01,Inactive,1.75,other,2,1
2015,LAC,paulch01,Inactive,8.03,other,2,1
2015,HOU,beverpa01,Inactive,0.21,other,2,1
2015,WAS,walljo01,Inactive,2.26,other,2,2
2015,ATL,sefolth01,Inactive,1.89,other,2,2
2015,CLE,smithjr01,Player Suspended,1.37,other,2,2
2015,CLE,loveke01,Inactive,2.41,other,2,2
2015,CLE,varejan01,Inactive,1.75,other,2,2
2015,LAC,paulch01,Inactive,8.03,other,2,2
2015,HOU,beverpa01,Inactive,0.21,other,2,2
2015,CLE,loveke01,Inactive,2.41,other,2,3
2015,CLE,varejan01,Inactive,1.75,other,2,3
2015,HOU,beverpa01,Inactive,0.21,other,2,3
2015,GSW,leeda02,Did Not Play,0.11,winner,2,3
2015,MEM,calatni01,Did Not Play,0.26,opponent,2,3
2015,ATL,sefolth01,Inactive,1.89,other,2,3
2015,WAS,walljo01,Inactive,2.26,other,2,3
2015,CLE,loveke01,Inactive,2.41,other,2,4
2015,CLE,varejan01,Inactive,1.75,other,2,4
2015,HOU,beverpa01,Inactive,0.21,other,2,4
2015,ATL,sefolth01,Inactive,1.89,other,2,4
2015,WAS,walljo01,Inactive,2.26,other,2,4
2015,CLE,loveke01,Inactive,2.41,other,2,5
2015,CLE,varejan01,Inactive,1.75,other,2,5
2015,HOU,beverpa01,Inactive,0.21,other,2,5
2015,ATL,sefolth01,Inactive,1.89,other,2,5
2015,MEM,allento01,Inactive,2.51,opponent,2,5
2015,CLE,loveke01,Inactive,2.41,other,2,6
2015,CLE,varejan01,Inactive,1.75,other,2,6
2015,HOU,beverpa01,Inactive,0.21,other,2,6
2015,ATL,sefolth01,Inactive,1.89,other,2,6
2015,HOU,beverpa01,Inactive,0.21,other,2,7
2015,HOU,beverpa01,Inactive,0.21,opponent,3,1
2015,CLE,loveke01,Inactive,2.41,other,3,1
2015,CLE,varejan01,Inactive,1.75,other,3,1
2015,ATL,sefolth01,Inactive,1.89,other,3,1
2015,GSW,leeda02,Did Not Play,0.11,winner,3,2
2015,HOU,beverpa01,Inactive,0.21,opponent,3,2
2015,CLE,irvinky01,Did Not Dress,2.52,other,3,2
2015,CLE,loveke01,Inactive,2.41,other,3,2
2015,CLE,varejan01,Inactive,1.75,other,3,2
2015,ATL,sefolth01,Inactive,1.89,other,3,2
2015,HOU,beverpa01,Inactive,0.21,opponent,3,3
2015,CLE,irvinky01,Did Not Dress,2.52,other,3,3
2015,ATL,korveky01,Inactive,2.25,other,3,3
2015,ATL,sefolth01,Inactive,1.89,other,3,3
2015,CLE,loveke01,Inactive,2.41,other,3,3
2015,CLE,varejan01,Inactive,1.75,other,3,3
2015,HOU,beverpa01,Inactive,0.21,opponent,3,4
2015,ATL,korveky01,Did Not Play,2.25,other,3,4
2015,ATL,sefolth01,Did Not Play,1.89,other,3,4
2015,CLE,loveke01,Did Not Play,2.41,other,3,4
2015,CLE,varejan01,Did Not Play,1.75,other,3,4
2015,HOU,beverpa01,Inactive,0.21,opponent,3,5
2015,GSW,leeda02,Did Not Play,0.11,winner,4,1
2015,CLE,loveke01,Inactive,2.41,opponent,4,1
2015,CLE,varejan01,Inactive,1.75,opponent,4,1
2015,CLE,irvinky01,Not With Team,2.52,opponent,4,2
2015,GSW,leeda02,Did Not Play,0.11,winner,4,2
2015,CLE,loveke01,Inactive,2.41,opponent,4,2
2015,CLE,varejan01,Inactive,1.75,opponent,4,2
2015,CLE,irvinky01,Did Not Play,2.52,opponent,4,3
2015,CLE,loveke01,Inactive,2.41,opponent,4,3
2015,CLE,varejan01,Inactive,1.75,opponent,4,3
2015,CLE,irvinky01,Not With Team,2.52,opponent,4,4
2015,CLE,loveke01,Inactive,2.41,opponent,4,4
2015,CLE,varejan01,Inactive,1.75,opponent,4,4
2015,CLE,irvinky01,Not With Team,2.52,opponent,4,5
2015,GSW,bogutan01,Did Not Play,2.34,winner,4,5
2015,CLE,loveke01,Inactive,2.41,opponent,4,5
2015,CLE,varejan01,Inactive,1.75,opponent,4,5
2015,GSW,bogutan01,Did Not Play,2.34,winner,4,6
2015,CLE,irvinky01,Not With Team,2.52,opponent,4,6
2015,CLE,loveke01,Inactive,2.41,opponent,4,6
2015,CLE,varejan01,Inactive,1.75,opponent,4,6
2016,ATL,splitti01,Inactive,1.95,other,1,1
2016,DAL,evansje01,Inactive,0.41,other,1,1
2016,DAL,parsoch01,Inactive,0.96,other,1,1
2016,TOR,johnsja01,Did Not Play,0.01,other,1,1
2016,DET,tollian01,Did Not Play,0.37,opponent,1,1
2016,CLE,fryech01,Did Not Play,1.03,winner,1,1
2016,CHO,kiddgmi01,Inactive,1.12,other,1,1
2016,MIA,boshch01,Inactive,1.73,other,1,1
2016,MEM,conlemi01,Did Not Dress,2.96,other,1,1
2016,MEM,adamsjo01,Inactive,0.52,other,1,1
2016,MEM,gasolma01,Inactive,1.49,other,1,1
2016,GSW,curryst01,Inactive,7.65,other,1,2
2016,DAL,evansje01,Inactive,0.41,other,1,2
2016,DAL,parsoch01,Inactive,0.96,other,1,2
2016,TOR,johnsja01,Did Not Play,0.01,other,1,2
2016,BOS,bradlav01,Inactive,0.53,other,1,2
2016,BOS,olynyke01,Inactive,0.89,other,1,2
2016,ATL,splitti01,Inactive,1.95,other,1,2
2016,MEM,conlemi01,Did Not Dress,2.96,other,1,2
2016,MEM,adamsjo01,Inactive,0.52,other,1,2
2016,MEM,gasolma01,Inactive,1.49,other,1,2
2016,CHO,lambje01,Did Not Play,0.35,other,1,2
2016,MIA,wrighdo01,Did Not Play,0.11,other,1,2
2016,CHO,kiddgmi01,Inactive,1.12,other,1,2
2016,MIA,boshch01,Inactive,1.73,other,1,2
2016,DAL,willide01,Did Not Play,0.31,other,1,3
2016,DAL,evansje01,Inactive,0.41,other,1,3
2016,DAL,parsoch01,Inactive,0.96,other,1,3
2016,GSW,curryst01,Inactive,7.65,other,1,3
2016,TOR,johnsja01,Did Not Play,0.01,other,1,3
2016,ATL,splitti01,Inactive,1.95,other,1,3
2016,BOS,bradlav01,Inactive,0.53,other,1,3
2016,BOS,olynyke01,Inactive,0.89,other,1,3
2016,SAS,marjabo01,Did Not Play,1.24,other,1,3
2016,MEM,conlemi01,Did Not Dress,2.96,other,1,3
2016,MEM,adamsjo01,Inactive,0.52,other,1,3
2016,MEM,gasolma01,Inactive,1.49,other,1,3
2016,MIA,boshch01,Inactive,1.73,other,1,3
2016,CHO,batumni01,Inactive,1.3,other,1,3
2016,CHO,kiddgmi01,Inactive,1.12,other,1,3
2016,DAL,evansje01,Inactive,0.41,other,1,4
2016,DAL,parsoch01,Inactive,0.96,other,1,4
2016,ATL,splitti01,Inactive,1.95,other,1,4
2016,BOS,bradlav01,Inactive,0.53,other,1,4
2016,MEM,conlemi01,Did Not Dress,2.96,other,1,4
2016,MEM,adamsjo01,Inactive,0.52,other,1,4
2016,MEM,gasolma01,Inactive,1.49,other,1,4
2016,CHO,lambje01,Did Not Play,0.35,other,1,4
2016,MIA,boshch01,Inactive,1.73,other,1,4
2016,CHO,batumni01,Inactive,1.3,other,1,4
2016,CHO,kiddgmi01,Inactive,1.12,other,1,4
2016,DAL,willide01,Not With Team,0.31,other,1,5
2016,DAL,evansje01,Inactive,0.41,other,1,5
2016,DAL,parsoch01,Inactive,0.96,other,1,5
2016,BOS,bradlav01,Inactive,0.53,other,1,5
2016,ATL,splitti01,Inactive,1.95,other,1,5
2016,TOR,johnsja01,Did Not Play,0.01,other,1,5
2016,GSW,curryst01,Inactive,7.65,other,1,5
2016,LAC,mbahalu01,Did Not Play,1.1,other,1,5
2016,LAC,griffbl01,Inactive,3.97,other,1,5
2016,LAC,paulch01,Inactive,8.14,other,1,5
2016,CHO,lambje01,Did Not Play,0.35,other,1,5
2016,MIA,wrighdo01,Did Not Play,0.11,other,1,5
2016,CHO,kiddgmi01,Inactive,1.12,other,1,5
2016,MIA,boshch01,Inactive,1.73,other,1,5
2016,ATL,splitti01,Inactive,1.95,other,1,6
2016,BOS,bradlav01,Inactive,0.53,other,1,6
2016,MIA,wrighdo01,Did Not Play,0.11,other,1,6
2016,CHO,lambje01,Did Not Play,0.35,other,1,6
2016,MIA,boshch01,Inactive,1.73,other,1,6
2016,CHO,kiddgmi01,Inactive,1.12,other,1,6
2016,TOR,johnsja01,Did Not Play,0.01,other,1,6
2016,LAC,griffbl01,Inactive,3.97,other,1,6
2016,LAC,paulch01,Inactive,8.14,other,1,6
2016,GSW,curryst01,Inactive,7.65,other,2,1
2016,CHO,kiddgmi01,Inactive,1.12,other,1,7
2016,MIA,boshch01,Inactive,1.73,other,1,7
2016,IND,allenla01,Did Not Play,0.75,other,1,7
2016,TOR,johnsja01,Did Not Play,0.01,other,1,7
2016,ATL,splitti01,Inactive,1.95,opponent,2,1
2016,GSW,curryst01,Inactive,7.65,other,2,2
2016,MIA,wrighdo01,Did Not Play,0.11,other,2,1
2016,TOR,johnsja01,Did Not Play,0.01,other,2,1
2016,MIA,boshch01,Inactive,1.73,other,2,1
2016,ATL,splitti01,Inactive,1.95,opponent,2,2
2016,MIA,wrighdo01,Did Not Play,0.11,other,2,2
2016,MIA,boshch01,Inactive,1.73,other,2,2
2016,ATL,splitti01,Inactive,1.95,opponent,2,3
2016,SAS,marjabo01,Did Not Play,1.24,other,2,3
2016,TOR,johnsja01,Did Not Play,0.01,other,2,3
2016,MIA,wrighdo01,Did Not Play,0.11,other,2,3
2016,MIA,boshch01,Inactive,1.73,other,2,3
2016,GSW,curryst01,Inactive,7.65,other,2,3
2016,ATL,splitti01,Inactive,1.95,opponent,2,4
2016,TOR,johnsja01,Did Not Play,0.01,other,2,4
2016,MIA,wrighdo01,Did Not Play,0.11,other,2,4
2016,MIA,boshch01,Inactive,1.73,other,2,4
2016,MIA,whiteha01,Inactive,1.45,other,2,4
2016,SAS,marjabo01,Did Not Play,1.24,other,2,5
2016,MIA,wrighdo01,Did Not Play,0.11,other,2,5
2016,TOR,johnsja01,Did Not Play,0.01,other,2,5
2016,MIA,boshch01,Inactive,1.73,other,2,5
2016,MIA,whiteha01,Inactive,1.45,other,2,5
2016,MIA,wrighdo01,Did Not Play,0.11,other,2,6
2016,MIA,boshch01,Inactive,1.73,other,2,6
2016,MIA,whiteha01,Inactive,1.45,other,2,6
2016,MIA,boshch01,Inactive,1.73,other,2,7
2016,MIA,whiteha01,Inactive,1.45,other,2,7
2016,TOR,powelno01,Did Not Play,0.02,opponent,3,3
2016,TOR,powelno01,Did Not Play,0.02,opponent,3,4
2016,CLE,loveke01,Inactive,2.41,winner,4,3
2016,CLE,fryech01,Did Not Play,1.03,winner,4,5
2016,GSW,greendr01,Player Suspended,4.52,opponent,4,5
2016,CLE,fryech01,Did Not Play,1.03,winner,4,6
2016,GSW,bogutan01,Inactive,2.29,opponent,4,6
2016,CLE,fryech01,Did Not Play,1.03,winner,4,7
2017,UTA,netora01,Inactive,0.21,other,1,1
2017,MEM,allento01,Inactive,1.47,other,1,1
2017,POR,nurkiju01,Inactive,1.58,opponent,1,1
2017,ATL,sefolth01,Did Not Play,0.15,other,1,1
2017,WAS,mahinia01,Inactive,1.25,other,1,1
2017,MEM,allento01,Inactive,1.47,other,1,2
2017,BOS,jerebjo01,Did Not Play,0.44,other,1,2
2017,UTA,netora01,Did Not Play,0.21,other,1,2
2017,UTA,goberru01,Inactive,3.2,other,1,2
2017,TOR,noguelu01,Did Not Play,0.78,other,1,2
2017,TOR,powelno01,Did Not Play,0.1,other,1,2
2017,GSW,duranke01,Did Not Dress,5.84,winner,1,2
2017,POR,nurkiju01,Inactive,1.58,opponent,1,2
2017,WAS,mahinia01,Inactive,1.25,other,1,2
2017,MEM,allento01,Inactive,1.47,other,1,3
2017,UTA,goberru01,Inactive,3.2,other,1,3
2017,WAS,mahinia01,Inactive,1.25,other,1,3
2017,SAS,dedmode01,Inactive,0.26,other,1,4
2017,MEM,allento01,Inactive,1.47,other,1,4
2017,TOR,noguelu01,Did Not Play,0.78,other,1,4
2017,TOR,poeltja01,Did Not Play,0.06,other,1,4
2017,GSW,duranke01,Did Not Dress,5.84,winner,1,3
2017,BOS,johnsam01,Did Not Play,2.67,other,1,4
2017,LAC,griffbl01,Inactive,4.58,other,1,4
2017,WAS,mahinia01,Inactive,1.25,other,1,4
2017,POR,nurkiju01,Did Not Dress,1.58,opponent,1,4
2017,LAC,griffbl01,Inactive,4.58,other,1,5
2017,MEM,allento01,Inactive,1.47,other,1,5
2017,CHI,grantje02,Did Not Play,0.16,other,1,5
2017,BOS,johnsam01,Did Not Play,2.67,other,1,5
2017,WAS,mahinia01,Inactive,1.25,other,1,5
2017,SAS,anderky01,Did Not Play,0.41,other,1,6
2017,MEM,allento01,Inactive,1.47,other,1,6
2017,TOR,noguelu01,Did Not Play,0.78,other,1,6
2017,TOR,poeltja01,Did Not Play,0.06,other,1,6
2017,ATL,sefolth01,Did Not Play,0.15,other,1,6
2017,WAS,mahinia01,Inactive,1.25,other,1,6
2017,BOS,johnsam01,Did Not Play,2.67,other,1,6
2017,LAC,griffbl01,Inactive,4.58,other,1,6
2017,WAS,mahinia01,Inactive,1.25,other,2,1
2017,LAC,griffbl01,Inactive,4.58,other,1,7
2017,TOR,noguelu01,Inactive,0.78,other,2,1
2017,BOS,jerebjo01,Did Not Play,0.44,other,2,2
2017,WAS,mahinia01,Inactive,1.25,other,2,2
2017,TOR,noguelu01,Inactive,0.78,other,2,2
2017,UTA,hillge01,Inactive,2.38,opponent,2,2
2017,SAS,dedmode01,Did Not Play,0.26,other,2,3
2017,TOR,lowryky01,Did Not Play,5.48,other,2,3
2017,TOR,poeltja01,Did Not Play,0.06,other,2,3
2017,TOR,noguelu01,Inactive,0.78,other,2,3
2017,UTA,hillge01,Inactive,2.38,opponent,2,3
2017,TOR,noguelu01,Did Not Play,0.78,other,2,4
2017,TOR,poeltja01,Did Not Play,0.06,other,2,4
2017,TOR,wrighde01,Did Not Play,0.25,other,2,4
2017,TOR,lowryky01,Inactive,5.48,other,2,4
2017,UTA,hillge01,Inactive,2.38,opponent,2,4
2017,SAS,dedmode01,Did Not Play,0.26,other,2,5
2017,HOU,hilarne01,Inactive,1.27,other,2,5
2017,BOS,jerebjo01,Did Not Play,0.44,other,2,5
2017,SAS,leonaka01,Inactive,6.54,other,2,6
2017,HOU,hilarne01,Inactive,1.27,other,2,6
2017,BOS,jerebjo01,Did Not Play,0.44,other,2,6
2017,SAS,dedmode01,Did Not Play,0.26,opponent,3,1
2017,BOS,jerebjo01,Did Not Play,0.44,other,2,7
2017,SAS,leonaka01,Inactive,6.54,opponent,3,2
2017,GSW,iguodan01,Inactive,2.51,winner,3,2
2017,BOS,jerebjo01,Did Not Play,0.44,other,3,1
2017,GSW,pachuza01,Inactive,1.07,winner,3,3
2017,SAS,leonaka01,Inactive,6.54,opponent,3,3
2017,BOS,thomais02,Inactive,1.68,other,3,3
2017,SAS,leonaka01,Did Not Dress,6.54,opponent,3,4
2017,GSW,pachuza01,Inactive,1.07,winner,3,4
2017,SAS,leeda02,Inactive,1.05,opponent,3,4
2017,BOS,johnsam01,Did Not Play,2.67,other,3,4
2017,BOS,thomais02,Inactive,1.68,other,3,4
2017,BOS,thomais02,Inactive,1.68,other,3,5
2017,GSW,mcgeeja01,Did Not Play,0.64,winner,4,5
2018,GSW,pachuza01,Did Not Play,0.99,winner,1,1
2018,SAS,leonaka01,Inactive,6.11,opponent,1,1
2018,GSW,curryst01,Inactive,7.15,winner,1,1
2018,PHI,embiijo01,Inactive,2.99,other,1,1
2018,NOP,couside01,Inactive,3.09,other,1,1
2018,POR,harklma01,Inactive,1.48,other,1,1
2018,WAS,mcculch01,Inactive,0.21,other,1,1
2018,TOR,vanvlfr01,Inactive,1.39,other,1,1
2018,BOS,haywago01,Inactive,0.72,other,1,1
2018,BOS,irvinky01,Inactive,3.19,other,1,1
2018,BOS,smartma01,Inactive,0.8,other,1,1
2018,HOU,anderry01,Inactive,0.57,other,1,1
2018,HOU,mbahalu01,Inactive,0.83,other,1,1
2018,UTA,sefolth01,Inactive,1.36,other,1,1
2018,OKC,roberan03,Inactive,2.5,other,1,1
2018,GSW,pachuza01,Did Not Play,0.99,winner,1,2
2018,SAS,leonaka01,Inactive,6.11,opponent,1,2
2018,GSW,curryst01,Inactive,7.15,winner,1,2
2018,PHI,embiijo01,Inactive,2.99,other,1,2
2018,BOS,haywago01,Inactive,0.72,other,1,2
2018,BOS,irvinky01,Inactive,3.19,other,1,2
2018,BOS,smartma01,Inactive,0.8,other,1,2
2018,POR,napiesh01,Did Not Play,0.28,other,1,2
2018,NOP,couside01,Inactive,3.09,other,1,2
2018,WAS,mcculch01,Inactive,0.21,other,1,2
2018,HOU,anderry01,Inactive,0.57,other,1,2
2018,HOU,mbahalu01,Inactive,0.83,other,1,2
2018,UTA,udohek01,Did Not Play,0.03,other,1,2
2018,UTA,sefolth01,Inactive,1.36,other,1,2
2018,OKC,roberan03,Inactive,2.5,other,1,2
2018,NOP,couside01,Inactive,3.09,other,1,3
2018,GSW,pachuza01,Did Not Play,0.99,winner,1,3
2018,GSW,curryst01,Inactive,7.15,winner,1,3
2018,SAS,leonaka01,Inactive,6.11,opponent,1,3
2018,BOS,smartma01,Did Not Dress,0.8,other,1,3
2018,BOS,haywago01,Inactive,0.72,other,1,3
2018,BOS,irvinky01,Inactive,3.19,other,1,3
2018,MIL,hensojo01,Inactive,0.65,other,1,3
2018,TOR,vanvlfr01,Inactive,1.39,other,1,3
2018,WAS,mcculch01,Inactive,0.21,other,1,3
2018,HOU,mbahalu01,Inactive,0.83,other,1,3
2018,POR,napiesh01,Did Not Play,0.28,other,1,4
2018,POR,harklma01,Inactive,1.48,other,1,4
2018,NOP,couside01,Inactive,3.09,other,1,4
2018,OKC,roberan03,Inactive,2.5,other,1,3
2018,UTA,sefolth01,Inactive,1.36,other,1,3
2018,CLE,hillge01,Inactive,1.27,other,1,4
2018,BOS,smartma01,Did Not Dress,0.8,other,1,4
2018,BOS,haywago01,Inactive,0.72,other,1,4
2018,BOS,irvinky01,Inactive,3.19,other,1,4
2018,MIL,hensojo01,Inactive,0.65,other,1,4
2018,GSW,belljo01,Did Not Play,0.21,winner,1,4
2018,GSW,pachuza01,Did Not Play,0.99,winner,1,4
2018,GSW,curryst01,Inactive,7.15,winner,1,4
2018,SAS,leonaka01,Inactive,6.11,opponent,1,4
2018,TOR,noguelu01,Did Not Play,1.35,other,1,4
2018,TOR,vanvlfr01,Inactive,1.39,other,1,4
2018,WAS,mcculch01,Inactive,0.21,other,1,4
2018,MIN,jonesty01,Did Not Play,0.97,other,1,4
2018,HOU,mbahalu01,Inactive,0.83,other,1,4
2018,OKC,roberan03,Inactive,2.5,other,1,4
2018,UTA,sefolth01,Inactive,1.36,other,1,4
2018,MIL,hensojo01,Inactive,0.65,other,1,5
2018,BOS,haywago01,Inactive,0.72,other,1,5
2018,BOS,irvinky01,Inactive,3.19,other,1,5
2018,GSW,belljo01,Did Not Play,0.21,winner,1,5
2018,GSW,pachuza01,Did Not Play,0.99,winner,1,5
2018,SAS,leonaka01,Inactive,6.11,opponent,1,5
2018,GSW,curryst01,Inactive,7.15,winner,1,5
2018,CLE,hillge01,Inactive,1.27,other,1,5
2018,HOU,mbahalu01,Inactive,0.83,other,1,5
2018,UTA,sefolth01,Inactive,1.36,other,1,5
2018,OKC,roberan03,Inactive,2.5,other,1,5
2018,TOR,noguelu01,Did Not Play,1.35,other,1,5
2018,WAS,mcculch01,Inactive,0.21,other,1,5
2018,TOR,vanvlfr01,Inactive,1.39,other,1,5
2018,BOS,haywago01,Inactive,0.72,other,1,6
2018,BOS,irvinky01,Inactive,3.19,other,1,6
2018,MIL,hensojo01,Inactive,0.65,other,1,6
2018,CLE,hillge01,Inactive,1.27,other,1,6
2018,UTA,udohek01,Did Not Play,0.03,other,1,6
2018,OKC,roberan03,Inactive,2.5,other,1,6
2018,UTA,sefolth01,Inactive,1.36,other,1,6
2018,TOR,noguelu01,Did Not Play,1.35,other,1,6
2018,WAS,mcculch01,Did Not Play,0.21,other,1,6
2018,WAS,porteot01,Inactive,2.96,other,1,6
2018,MIL,hensojo01,Inactive,0.65,other,1,7
2018,BOS,haywago01,Inactive,0.72,other,1,7
2018,BOS,irvinky01,Inactive,3.19,other,1,7
2018,GSW,pachuza01,Did Not Play,0.99,winner,2,1
2018,NOP,couside01,Inactive,3.09,opponent,2,1
2018,GSW,curryst01,Inactive,7.15,winner,2,1
2018,UTA,rubiori01,Inactive,3.11,other,2,1
2018,UTA,sefolth01,Inactive,1.36,other,2,1
2018,BOS,brownja02,Did Not Dress,0.57,other,2,1
2018,BOS,haywago01,Inactive,0.72,other,2,1
2018,BOS,irvinky01,Inactive,3.19,other,2,1
2018,GSW,belljo01,Did Not Play,0.21,winner,2,2
2018,GSW,pachuza01,Did Not Play,0.99,winner,2,2
2018,NOP,couside01,Inactive,3.09,opponent,2,2
2018,CLE,nancela02,Did Not Play,1.99,other,2,1
2018,TOR,noguelu01,Did Not Play,1.35,other,2,1
2018,UTA,udohek01,Did Not Play,0.03,other,2,2
2018,UTA,rubiori01,Inactive,3.11,other,2,2
2018,UTA,sefolth01,Inactive,1.36,other,2,2
2018,BOS,haywago01,Inactive,0.72,other,2,2
2018,BOS,irvinky01,Inactive,3.19,other,2,2
2018,NOP,couside01,Inactive,3.09,opponent,2,3
2018,UTA,rubiori01,Inactive,3.11,other,2,3
2018,UTA,sefolth01,Inactive,1.36,other,2,3
2018,TOR,noguelu01,Did Not Play,1.35,other,2,3
2018,TOR,poeltja01,Did Not Play,0.65,other,2,3
2018,CLE,nancela02,Did Not Play,1.99,other,2,3
2018,BOS,haywago01,Inactive,0.72,other,2,3
2018,BOS,irvinky01,Inactive,3.19,other,2,3
2018,NOP,couside01,Inactive,3.09,opponent,2,4
2018,HOU,anderry01,Did Not Play,0.57,other,2,4
2018,UTA,udohek01,Did Not Play,0.03,other,2,4
2018,UTA,rubiori01,Inactive,3.11,other,2,4
2018,UTA,sefolth01,Inactive,1.36,other,2,4
2018,PHI,johnsam01,Did Not Play,0.83,other,2,4
2018,BOS,haywago01,Inactive,0.72,other,2,4
2018,BOS,irvinky01,Inactive,3.19,other,2,4
2018,GSW,pachuza01,Did Not Play,0.99,winner,2,5
2018,NOP,couside01,Inactive,3.09,opponent,2,5
2018,UTA,udohek01,Did Not Play,0.03,other,2,5
2018,HOU,anderry01,Did Not Play,0.57,other,2,5
2018,UTA,rubiori01,Inactive,3.11,other,2,5
2018,UTA,sefolth01,Inactive,1.36,other,2,5
2018,PHI,johnsam01,Did Not Play,0.83,other,2,5
2018,BOS,haywago01,Inactive,0.72,other,2,5
2018,BOS,irvinky01,Inactive,3.19,other,2,5
2018,BOS,haywago01,Inactive,0.72,other,3,1
2018,BOS,irvinky01,Inactive,3.19,other,3,1
2018,GSW,belljo01,Did Not Play,0.21,winner,3,1
2018,GSW,pachuza01,Did Not Play,0.99,winner,3,1
2018,BOS,haywago01,Inactive,0.72,other,3,2
2018,BOS,irvinky01,Inactive,3.19,other,3,2
2018,HOU,hilarne01,Did Not Play,1.88,opponent,3,2
2018,BOS,haywago01,Inactive,0.72,other,3,3
2018,BOS,irvinky01,Inactive,3.19,other,3,3
2018,HOU,hilarne01,Did Not Play,1.88,opponent,3,3
2018,BOS,haywago01,Inactive,0.72,other,3,4
2018,BOS,irvinky01,Inactive,3.19,other,3,4
2018,HOU,anderry01,Did Not Play,0.57,opponent,3,4
2018,HOU,hilarne01,Did Not Play,1.88,opponent,3,4
2018,HOU,mbahalu01,Did Not Play,0.83,opponent,3,4
2018,GSW,pachuza01,Did Not Play,0.99,winner,3,4
2018,GSW,iguodan01,Inactive,2.01,winner,3,4
2018,BOS,haywago01,Inactive,0.72,other,3,5
2018,BOS,irvinky01,Inactive,3.19,other,3,5
2018,GSW,pachuza01,Did Not Play,0.99,winner,3,5
2018,HOU,anderry01,Did Not Play,0.57,opponent,3,5
2018,HOU,hilarne01,Did Not Play,1.88,opponent,3,5
2018,HOU,mbahalu01,Did Not Play,0.83,opponent,3,5
2018,GSW,iguodan01,Inactive,2.01,winner,3,5
2018,BOS,haywago01,Inactive,0.72,other,3,6
2018,BOS,irvinky01,Inactive,3.19,other,3,6
2018,HOU,hilarne01,Did Not Play,1.88,opponent,3,6
2018,HOU,paulch01,Did Not Play,6.86,opponent,3,6
2018,GSW,iguodan01,Inactive,2.01,winner,3,6
2018,CLE,loveke01,Inactive,1.23,other,3,7
2018,BOS,haywago01,Inactive,0.72,other,3,7
2018,BOS,irvinky01,Inactive,3.19,other,3,7
2018,GSW,pachuza01,Did Not Play,0.99,winner,3,7
2018,HOU,hilarne01,Did Not Play,1.88,opponent,3,7
2018,HOU,mbahalu01,Did Not Play,0.83,opponent,3,7
2018,HOU,paulch01,Did Not Play,6.86,opponent,3,7
2018,GSW,iguodan01,Inactive,2.01,winner,3,7
2018,GSW,pachuza01,Did Not Play,0.99,winner,4,1
2018,GSW,iguodan01,Inactive,2.01,winner,4,1
2018,GSW,iguodan01,Inactive,2.01,winner,4,2
2018,GSW,pachuza01,Did Not Play,0.99,winner,4,3
2019,SAS,murrade01,Inactive,1.33,other,1,1
2019,BRK,napiesh01,Did Not Play,0.44,other,1,1
2019,BRK,crabbal01,Inactive,0.18,other,1,1
2019,IND,oladivi01,Inactive,3.78,other,1,1
2019,BOS,smartma01,Inactive,0.91,other,1,1
2019,HOU,hilarne01,Did Not Play,0.97,other,1,1
2019,MIL,brogdma01,Did Not Play,0.5,other,1,1
2019,DET,griffbl01,Inactive,2.81,other,1,1
2019,OKC,roberan03,Inactive,2.93,other,1,1
2019,POR,nurkiju01,Inactive,2.53,other,1,1
2019,BRK,crabbal01,Inactive,0.18,other,1,2
2019,BRK,dudleja01,Inactive,0.12,other,1,2
2019,SAS,murrade01,Inactive,1.33,other,1,2
2019,OKC,roberan03,Inactive,2.93,other,1,2
2019,POR,nurkiju01,Inactive,2.53,other,1,2
2019,IND,oladivi01,Inactive,3.78,other,1,2
2019,BOS,smartma01,Inactive,0.91,other,1,2
2019,HOU,hilarne01,Did Not Play,0.97,other,1,2
2019,MIL,brogdma01,Did Not Play,0.5,other,1,2
2019,DET,griffbl01,Inactive,2.81,other,1,2
2019,PHI,embiijo01,Did Not Dress,5.09,other,1,3
2019,BRK,crabbal01,Inactive,0.18,other,1,3
2019,GSW,couside01,Inactive,1.51,other,1,3
2019,SAS,murrade01,Inactive,1.33,other,1,3
2019,BOS,smartma01,Inactive,0.91,other,1,3
2019,IND,oladivi01,Inactive,3.78,other,1,3
2019,POR,nurkiju01,Inactive,2.53,other,1,3
2019,OKC,roberan03,Inactive,2.93,other,1,3
2019,BRK,napiesh01,Did Not Play,0.44,other,1,4
2019,BRK,crabbal01,Inactive,0.18,other,1,4
2019,BRK,davised01,Inactive,1,other,1,4
2019,MIL,brogdma01,Did Not Play,0.5,other,1,3
2019,SAS,murrade01,Inactive,1.33,other,1,4
2019,HOU,hilarne01,Did Not Play,0.97,other,1,3
2019,UTA,sefolth01,Did Not Play,1.51,other,1,3
2019,BOS,smartma01,Inactive,0.91,other,1,4
2019,IND,oladivi01,Inactive,3.78,other,1,4
2019,GSW,couside01,Inactive,1.51,other,1,4
2019,POR,nurkiju01,Inactive,2.53,other,1,4
2019,OKC,roberan03,Inactive,2.93,other,1,4
2019,MIL,brogdma01,Did Not Play,0.5,other,1,4
2019,HOU,hilarne01,Did Not Play,0.97,other,1,4
2019,SAS,murrade01,Inactive,1.33,other,1,5
2019,BRK,crabbal01,Inactive,0.18,other,1,5
2019,BRK,davised01,Inactive,1,other,1,5
2019,OKC,roberan03,Inactive,2.93,other,1,5
2019,POR,nurkiju01,Inactive,2.53,other,1,5
2019,GSW,couside01,Inactive,1.51,other,1,5
2019,SAS,bertada01,Did Not Play,0.52,other,1,6
2019,SAS,murrade01,Inactive,1.33,other,1,6
2019,GSW,couside01,Inactive,1.51,other,1,6
2019,SAS,bertada01,Did Not Play,0.52,other,1,7
2019,SAS,murrade01,Inactive,1.33,other,1,7
2019,HOU,farieke01,Did Not Play,0.56,other,2,1
2019,GSW,couside01,Inactive,1.51,other,2,1
2019,MIL,brogdma01,Did Not Play,0.5,other,2,1
2019,BOS,smartma01,Inactive,0.91,other,2,1
2019,POR,nurkiju01,Inactive,2.53,other,2,1
2019,GSW,couside01,Inactive,1.51,other,2,2
2019,MIL,brogdma01,Did Not Play,0.5,other,2,2
2019,BOS,smartma01,Inactive,0.91,other,2,2
2019,POR,nurkiju01,Inactive,2.53,other,2,2
2019,MIL,brogdma01,Did Not Play,0.5,other,2,3
2019,BOS,smartma01,Inactive,0.91,other,2,3
2019,POR,nurkiju01,Inactive,2.53,other,2,3
2019,HOU,farieke01,Did Not Play,0.56,other,2,3
2019,GSW,couside01,Inactive,1.51,other,2,3
2019,POR,nurkiju01,Inactive,2.53,other,2,4
2019,MIL,brogdma01,Did Not Play,0.5,other,2,4
2019,HOU,farieke01,Did Not Play,0.56,other,2,4
2019,GSW,couside01,Inactive,1.51,other,2,4
2019,POR,nurkiju01,Inactive,2.53,other,2,5
2019,HOU,farieke01,Inactive,0.56,other,2,5
2019,GSW,couside01,Inactive,1.51,other,2,5
2019,POR,nurkiju01,Inactive,2.53,other,2,6
2019,HOU,farieke01,Did Not Play,0.56,other,2,6
2019,GSW,couside01,Inactive,1.51,other,2,6
2019,GSW,duranke01,Inactive,4.53,other,2,6
2019,POR,nurkiju01,Inactive,2.53,other,2,7
2019,PHI,marjabo01,Did Not Play,1.42,opponent,2,7
2019,POR,nurkiju01,Inactive,2.53,other,3,1
2019,GSW,couside01,Inactive,1.51,other,3,1
2019,GSW,duranke01,Inactive,4.53,other,3,1
2019,POR,nurkiju01,Inactive,2.53,other,3,2
2019,GSW,couside01,Inactive,1.51,other,3,2
2019,GSW,duranke01,Inactive,4.53,other,3,2
2019,GSW,couside01,Inactive,1.51,other,3,3
2019,GSW,duranke01,Inactive,4.53,other,3,3
2019,POR,nurkiju01,Inactive,2.53,other,3,3
2019,GSW,couside01,Inactive,1.51,other,3,4
2019,GSW,duranke01,Inactive,4.53,other,3,4
2019,GSW,iguodan01,Inactive,2.55,other,3,4
2019,POR,nurkiju01,Inactive,2.53,other,3,4
2019,MIL,mirotni01,Did Not Play,0.42,opponent,3,6
2019,GSW,duranke01,Inactive,4.53,opponent,4,1
2019,GSW,duranke01,Inactive,4.53,opponent,4,2
2019,GSW,thompkl01,Did Not Play,1.12,opponent,4,3
2019,GSW,duranke01,Inactive,4.53,opponent,4,3
2019,GSW,looneke01,Inactive,1.99,opponent,4,3
2019,GSW,duranke01,Inactive,4.53,opponent,4,4
2019,GSW,duranke01,Inactive,4.53,opponent,4,6
2020,PHI,simmobe01,Inactive,0.85,other,1,1
2020,UTA,conlemi01,Inactive,0.78,other,1,1
2020,DEN,harriga01,Inactive,0.26,other,1,1
2020,DAL,poweldw01,Inactive,1.87,other,1,1
2020,HOU,westbru01,Inactive,2.4,other,1,1
2020,IND,sabondo01,Inactive,1.02,other,1,1
2020,ORL,aminual01,Inactive,0.5,other,1,1
2020,ORL,cartemi01,Inactive,0.88,other,1,1
2020,ORL,gordoaa01,Inactive,0.96,other,1,1
2020,ORL,isaacjo01,Inactive,1.58,other,1,1
2020,PHI,simmobe01,Inactive,0.85,other,1,2
2020,BOS,haywago01,Inactive,2.21,other,1,2
2020,UTA,conlemi01,Inactive,0.78,other,1,2
2020,DEN,harriga01,Inactive,0.26,other,1,2
2020,DAL,poweldw01,Inactive,1.87,other,1,2
2020,LAC,beverpa01,Inactive,1.55,other,1,2
2020,OKC,roberan03,Did Not Play,2.04,other,1,2
2020,HOU,westbru01,Inactive,2.4,other,1,2
2020,IND,sabondo01,Inactive,1.02,other,1,2
2020,ORL,cartemi01,Inactive,0.88,other,1,2
2020,ORL,gordoaa01,Inactive,0.96,other,1,2
2020,ORL,isaacjo01,Inactive,1.58,other,1,2
2020,TOR,holliro01,Inactive,0.29,other,1,3
2020,LAC,beverpa01,Inactive,1.55,other,1,3
2020,DAL,poweldw01,Inactive,1.87,other,1,3
2020,BOS,williro04,Did Not Play,0.69,other,1,3
2020,BOS,haywago01,Inactive,2.21,other,1,3
2020,PHI,simmobe01,Inactive,0.85,other,1,3
2020,DEN,harriga01,Inactive,0.26,other,1,3
2020,IND,sabondo01,Inactive,1.02,other,1,3
2020,OKC,roberan03,Did Not Play,2.04,other,1,3
2020,HOU,westbru01,Inactive,2.4,other,1,3
2020,ORL,cartemi01,Inactive,0.88,other,1,3
2020,ORL,gordoaa01,Inactive,0.96,other,1,3
2020,ORL,isaacjo01,Inactive,1.58,other,1,3
2020,DAL,porzikr01,Did Not Play,2.46,other,1,4
2020,LAC,beverpa01,Inactive,1.55,other,1,4
2020,DAL,poweldw01,Inactive,1.87,other,1,4
2020,BOS,haywago01,Inactive,2.21,other,1,4
2020,PHI,simmobe01,Inactive,0.85,other,1,4
2020,DEN,harriga01,Inactive,0.26,other,1,4
2020,IND,sabondo01,Inactive,1.02,other,1,4
2020,OKC,roberan03,Did Not Play,2.04,other,1,4
2020,HOU,westbru01,Inactive,2.4,other,1,4
2020,ORL,isaacjo01,Not With Team,1.58,other,1,4
2020,ORL,cartemi01,Inactive,0.88,other,1,4
2020,ORL,gordoaa01,Inactive,0.96,other,1,4
2020,DEN,harriga01,Inactive,0.26,other,1,5
2020,DAL,porzikr01,Inactive,2.46,other,1,5
2020,DAL,poweldw01,Inactive,1.87,other,1,5
2020,LAC,beverpa01,Inactive,1.55,other,1,5
2020,OKC,roberan03,Did Not Play,2.04,other,1,5
2020,POR,lillada01,Inactive,4.34,opponent,1,5
2020,ORL,cartemi01,Inactive,0.88,other,1,5
2020,ORL,gordoaa01,Inactive,0.96,other,1,5
2020,ORL,isaacjo01,Inactive,1.58,other,1,5
2020,LAC,beverpa01,Inactive,1.55,other,1,6
2020,DAL,porzikr01,Inactive,2.46,other,1,6
2020,DAL,poweldw01,Inactive,1.87,other,1,6
2020,BOS,kanteen01,Did Not Play,0.26,other,2,1
2020,BOS,haywago01,Inactive,2.21,other,2,1
2020,MIA,jonesde02,Did Not Play,0.7,other,2,1
2020,MIL,bledser01,Inactive,3.42,other,2,1
2020,OKC,roberan03,Did Not Play,2.04,other,1,6
2020,BOS,kanteen01,Did Not Play,0.26,other,2,2
2020,TOR,holliro01,Did Not Play,0.29,other,2,2
2020,BOS,haywago01,Inactive,2.21,other,2,2
2020,OKC,roberan03,Did Not Play,2.04,other,1,7
2020,HOU,mclembe01,Did Not Play,0.23,other,1,7
2020,TOR,holliro01,Did Not Play,0.29,other,2,3
2020,BOS,haywago01,Inactive,2.21,other,2,3
2020,MIA,olynyke01,Inactive,0.51,other,2,3
2020,TOR,holliro01,Did Not Play,0.29,other,2,4
2020,BOS,kanteen01,Did Not Play,0.26,other,2,4
2020,BOS,haywago01,Inactive,2.21,other,2,4
2020,BOS,haywago01,Inactive,2.21,other,2,5
2020,MIA,jonesde02,Did Not Play,0.7,other,2,5
2020,MIL,antetgi01,Inactive,6.78,other,2,5
2020,TOR,holliro01,Did Not Play,0.29,other,2,6
2020,BOS,kanteen01,Did Not Play,0.26,other,2,6
2020,BOS,haywago01,Inactive,2.21,other,2,6
2020,LAL,mcgeeja01,Did Not Play,0.05,winner,2,4
2020,LAC,jacksre01,Did Not Play,0.34,other,2,5
2020,BOS,kanteen01,Did Not Play,0.26,other,2,7
2020,TOR,holliro01,Did Not Play,0.29,other,2,7
2020,BOS,haywago01,Inactive,2.21,other,2,7
2020,BOS,haywago01,Inactive,2.21,other,3,1
2020,BOS,williro04,Did Not Play,0.69,other,3,2
2020,BOS,haywago01,Inactive,2.21,other,3,2
2020,BOS,williro04,Did Not Play,0.69,other,3,3
2020,BOS,kanteen01,Did Not Play,0.26,other,3,4
2020,MIA,jonesde02,Did Not Play,0.7,other,3,4
2020,MIA,olynyke01,Did Not Play,0.51,other,3,4
2020,BOS,williro04,Did Not Play,0.69,other,3,5
2020,MIA,jonesde02,Did Not Play,0.7,other,3,6
2020,MIA,olynyke01,Did Not Play,0.51,other,3,6
2020,LAL,mcgeeja01,Did Not Play,0.05,winner,4,1
2020,MIA,adebaba01,Did Not Play,1.94,opponent,4,2
2020,LAL,mcgeeja01,Did Not Play,0.05,winner,4,2
2020,MIA,dragigo01,Inactive,1.02,opponent,4,2
2020,LAL,mcgeeja01,Did Not Play,0.05,winner,4,3
2020,MIA,adebaba01,Did Not Play,1.94,opponent,4,3
2020,MIA,dragigo01,Inactive,1.02,opponent,4,3
2020,LAL,mcgeeja01,Did Not Play,0.05,winner,4,4
2020,MIA,jonesde02,Did Not Play,0.7,opponent,4,4
2020,MIA,dragigo01,Inactive,1.02,opponent,4,4
2020,MIA,jonesde02,Did Not Play,0.7,opponent,4,5
2020,MIA,olynyke01,Did Not Play,0.51,opponent,4,5
2020,LAL,mcgeeja01,Did Not Play,0.05,winner,4,5
2020,MIA,dragigo01,Inactive,1.02,opponent,4,5
2020,LAL,mcgeeja01,Inactive,0.05,winner,4,6
2021,BOS,kornelu01,Did Not Play,0.47,other,1,1
2021,BOS,brownja02,Inactive,2.34,other,1,1
2021,BRK,dinwisp01,Inactive,0.54,other,1,1
2021,DEN,murraja01,Inactive,1.92,other,1,1
2021,DAL,marjabo01,Did Not Play,0.21,other,1,1
2021,NYK,robinmi01,Inactive,1.24,other,1,1
2021,WAS,bongais01,Did Not Play,0.05,other,1,1
2021,WAS,bryanth01,Inactive,0.22,other,1,1
2021,PHO,carteje01,Did Not Play,0.52,other,1,1
2021,MEM,clarkbr01,Did Not Play,1.06,other,1,1
2021,MEM,konchjo01,Did Not Play,0.5,other,1,1
2021,UTA,mitchdo01,Inactive,3.25,other,1,1
2021,DEN,murraja01,Inactive,1.92,other,1,2
2021,BOS,brownja02,Inactive,2.34,other,1,2
2021,BRK,dinwisp01,Inactive,0.54,other,1,2
2021,DAL,marjabo01,Did Not Play,0.21,other,1,2
2021,PHO,carteje01,Did Not Play,0.52,other,1,2
2021,NYK,robinmi01,Inactive,1.24,other,1,2
2021,WAS,bryanth01,Inactive,0.22,other,1,2
2021,MEM,clarkbr01,Did Not Play,1.06,other,1,2
2021,MEM,konchjo01,Did Not Play,0.5,other,1,2
2021,PHO,carteje01,Did Not Play,0.52,other,1,3
2021,DEN,murraja01,Inactive,1.92,other,1,3
2021,NYK,robinmi01,Inactive,1.24,other,1,3
2021,BOS,kornelu01,Did Not Play,0.47,other,1,3
2021,BOS,parkeja01,Did Not Play,0.13,other,1,3
2021,BOS,watertr01,Did Not Play,0.04,other,1,3
2021,BRK,dinwisp01,Inactive,0.54,other,1,3
2021,BOS,brownja02,Inactive,2.34,other,1,3
2021,DAL,marjabo01,Did Not Play,0.21,other,1,3
2021,LAC,ibakase01,Inactive,1.21,other,1,3
2021,MEM,konchjo01,Did Not Play,0.5,other,1,3
2021,MIL,divindo01,Inactive,0.49,winner,1,4
2021,DEN,murraja01,Inactive,1.92,other,1,4
2021,WAS,bryanth01,Inactive,0.22,other,1,3
2021,NYK,robinmi01,Inactive,1.24,other,1,4
2021,BRK,dinwisp01,Inactive,0.54,other,1,4
2021,BOS,brownja02,Inactive,2.34,other,1,4
2021,BOS,walkeke02,Inactive,2.28,other,1,4
2021,BOS,williro04,Inactive,1.9,other,1,4
2021,LAC,ibakase01,Inactive,1.21,other,1,4
2021,PHO,carteje01,Did Not Play,0.52,other,1,4
2021,LAL,caldwke01,Inactive,0.36,other,1,4
2021,MEM,clarkbr01,Did Not Play,1.06,other,1,4
2021,MEM,konchjo01,Did Not Play,0.5,other,1,4
2021,WAS,bryanth01,Inactive,0.22,other,1,4
2021,BOS,kornelu01,Did Not Play,0.47,other,1,5
2021,BOS,watertr01,Did Not Play,0.04,other,1,5
2021,BOS,brownja02,Inactive,2.34,other,1,5
2021,BOS,walkeke02,Inactive,2.28,other,1,5
2021,BOS,williro04,Inactive,1.9,other,1,5
2021,BRK,dinwisp01,Inactive,0.54,other,1,5
2021,DEN,murraja01,Inactive,1.92,other,1,5
2021,LAL,davisan02,Did Not Dress,3.77,other,1,5
2021,LAC,ibakase01,Inactive,1.21,other,1,5
2021,NYK,robinmi01,Inactive,1.24,other,1,5
2021,WAS,bertada01,Inactive,0.54,other,1,5
2021,WAS,bryanth01,Inactive,0.22,other,1,5
2021,PHI,embiijo01,Inactive,5.98,other,1,5
2021,LAL,drumman01,Did Not Play,0.55,other,1,6
2021,POR,kanteen01,Did Not Play,0.85,other,1,6
2021,DEN,murraja01,Inactive,1.92,other,1,6
2021,LAC,beverpa01,Did Not Play,1.74,other,1,6
2021,LAC,ibakase01,Inactive,1.21,other,1,6
2021,MIL,divindo01,Inactive,0.49,winner,2,1
2021,BRK,dinwisp01,Inactive,0.54,opponent,2,1
2021,DAL,caulewi01,Did Not Play,1.33,other,1,7
2021,LAC,beverpa01,Did Not Play,1.74,other,1,7
2021,LAC,ibakase01,Inactive,1.21,other,1,7
2021,MIL,divindo01,Inactive,0.49,winner,2,2
2021,BRK,dinwisp01,Inactive,0.54,opponent,2,2
2021,BRK,hardeja01,Inactive,4.9,opponent,2,2
2021,DEN,murraja01,Inactive,1.92,other,2,1
2021,LAC,ibakase01,Inactive,1.21,other,2,1
2021,UTA,conlemi01,Inactive,3.43,other,2,1
2021,DEN,murraja01,Inactive,1.92,other,2,2
2021,BRK,dinwisp01,Inactive,0.54,opponent,2,3
2021,BRK,hardeja01,Inactive,4.9,opponent,2,3
2021,MIL,divindo01,Inactive,0.49,winner,2,3
2021,LAC,ibakase01,Inactive,1.21,other,2,2
2021,UTA,conlemi01,Inactive,3.43,other,2,2
2021,DEN,murraja01,Inactive,1.92,other,2,3
2021,UTA,conlemi01,Inactive,3.43,other,2,3
2021,LAC,ibakase01,Inactive,1.21,other,2,3
2021,PHO,carteje01,Did Not Play,0.52,other,2,4
2021,DEN,millspa01,Did Not Play,2.03,other,2,4
2021,DEN,murraja01,Inactive,1.92,other,2,4
2021,BRK,dinwisp01,Inactive,0.54,opponent,2,4
2021,BRK,hardeja01,Inactive,4.9,opponent,2,4
2021,MIL,divindo01,Inactive,0.49,winner,2,4
2021,PHI,greenda02,Inactive,2.23,other,2,4
2021,UTA,conlemi01,Inactive,3.43,other,2,4
2021,LAC,ibakase01,Inactive,1.21,other,2,4
2021,MIL,portibo01,Did Not Play,0.03,winner,2,5
2021,MIL,divindo01,Inactive,0.49,winner,2,5
2021,BRK,dinwisp01,Inactive,0.54,opponent,2,5
2021,BRK,irvinky01,Inactive,3.61,opponent,2,5
2021,PHI,greenda02,Inactive,2.23,other,2,5
2021,LAC,ibakase01,Inactive,1.21,other,2,5
2021,LAC,leonaka01,Inactive,6.56,other,2,5
2021,UTA,conlemi01,Inactive,3.43,other,2,5
2021,MIL,portibo01,Did Not Play,0.03,winner,2,6
2021,BRK,dinwisp01,Inactive,0.54,opponent,2,6
2021,BRK,irvinky01,Inactive,3.61,opponent,2,6
2021,MIL,divindo01,Inactive,0.49,winner,2,6
2021,PHI,greenda02,Inactive,2.23,other,2,6
2021,LAC,ibakase01,Inactive,1.21,other,2,6
2021,LAC,leonaka01,Inactive,6.56,other,2,6
2021,MIL,portibo01,Did Not Play,0.03,winner,2,7
2021,MIL,divindo01,Inactive,0.49,winner,2,7
2021,BRK,dinwisp01,Inactive,0.54,opponent,2,7
2021,BRK,irvinky01,Inactive,3.61,opponent,2,7
2021,PHI,greenda02,Inactive,2.23,other,2,7
2021,PHO,carteje01,Did Not Play,0.52,other,3,1
2021,LAC,ibakase01,Inactive,1.21,other,3,1
2021,LAC,leonaka01,Inactive,6.56,other,3,1
2021,PHO,paulch01,Inactive,4.27,other,3,1
2021,PHO,carteje01,Did Not Play,0.52,other,3,2
2021,LAC,ibakase01,Inactive,1.21,other,3,2
2021,LAC,leonaka01,Inactive,6.56,other,3,2
2021,PHO,paulch01,Inactive,4.27,other,3,2
2021,MIL,divindo01,Inactive,0.49,winner,3,1
2021,LAC,ibakase01,Inactive,1.21,other,3,3
2021,LAC,leonaka01,Inactive,6.56,other,3,3
2021,MIL,divindo01,Inactive,0.49,winner,3,2
2021,PHO,carteje01,Did Not Play,0.52,other,3,4
2021,LAC,ibakase01,Inactive,1.21,other,3,4
2021,LAC,leonaka01,Inactive,6.56,other,3,4
2021,MIL,divindo01,Inactive,0.49,winner,3,3
2021,PHO,carteje01,Did Not Play,0.52,other,3,5
2021,LAC,ibakase01,Inactive,1.21,other,3,5
2021,LAC,leonaka01,Inactive,6.56,other,3,5
2021,LAC,zubaciv01,Inactive,1.17,other,3,5
2021,ATL,youngtr01,Did Not Dress,2.82,opponent,3,4
2021,MIL,divindo01,Inactive,0.49,winner,3,4
2021,PHO,johnsca02,Inactive,0.35,other,3,6
2021,LAC,ibakase01,Inactive,1.21,other,3,6
2021,LAC,leonaka01,Inactive,6.56,other,3,6
2021,LAC,zubaciv01,Inactive,1.17,other,3,6
2021,ATL,youngtr01,Did Not Play,2.82,opponent,3,5
2021,MIL,antetgi01,Inactive,7.31,winner,3,5
2021,MIL,divindo01,Inactive,0.49,winner,3,5
2021,MIL,antetgi01,Inactive,7.31,winner,3,6
2021,MIL,divindo01,Inactive,0.49,winner,3,6
2021,PHO,carteje01,Did Not Play,0.52,opponent,4,1
2021,MIL,divindo01,Inactive,0.49,winner,4,1
2021,PHO,carteje01,Did Not Play,0.52,opponent,4,2
2021,MIL,divindo01,Inactive,0.49,winner,4,2
2021,PHO,carteje01,Did Not Play,0.52,opponent,4,3
2021,MIL,divindo01,Inactive,0.49,winner,4,3
2021,PHO,carteje01,Did Not Play,0.52,opponent,4,4
2021,MIL,divindo01,Inactive,0.49,winner,4,4
2021,PHO,carteje01,Did Not Play,0.52,opponent,4,5
2021,MIL,divindo01,Inactive,0.49,winner,4,5
2021,PHO,carteje01,Did Not Play,0.52,opponent,4,6
2021,MIL,divindo01,Inactive,0.49,winner,4,6
2022,DAL,doncilu01,Inactive,3.28,other,1,1
2022,DAL,hardati02,Inactive,0.11,other,1,1
2022,DEN,murraja01,Inactive,1.33,opponent,1,1
2022,DEN,portemi01,Inactive,1.47,opponent,1,1
2022,MIN,okogijo01,Did Not Play,0.27,other,1,1
2022,MEM,konchjo01,Did Not Play,0.25,other,1,1
2022,BRK,simmobe01,Inactive,1.59,other,1,1
2022,BOS,williro04,Inactive,2.8,other,1,1
2022,ATL,capelca01,Inactive,1.91,other,1,1
2022,CHI,bradlto01,Did Not Play,0.14,other,1,1
2022,CHI,balllo01,Inactive,0.54,other,1,1
2022,MIL,hillge01,Inactive,0.32,other,1,1
2022,NOP,hernawi01,Did Not Play,0.22,other,1,1
2022,NOP,harpeja01,Inactive,2.54,other,1,1
2022,NOP,willizi01,Inactive,1.7,other,1,1
2022,DAL,doncilu01,Inactive,3.28,other,1,2
2022,DAL,hardati02,Inactive,0.11,other,1,2
2022,DEN,murraja01,Inactive,1.33,opponent,1,2
2022,DEN,portemi01,Inactive,1.47,opponent,1,2
2022,TOR,barnesc01,Inactive,0.28,other,1,2
2022,ATL,capelca01,Inactive,1.91,other,1,2
2022,NOP,hernawi01,Did Not Play,0.22,other,1,2
2022,NOP,willizi01,Inactive,1.7,other,1,2
2022,BRK,simmobe01,Inactive,1.59,other,1,2
2022,BOS,williro04,Inactive,2.8,other,1,2
2022,CHI,bradlto01,Did Not Play,0.14,other,1,2
2022,CHI,balllo01,Inactive,0.54,other,1,2
2022,MIL,hillge01,Inactive,0.32,other,1,2
2022,PHI,thybuma01,Inactive,0.06,other,1,3
2022,TOR,barnesc01,Inactive,0.28,other,1,3
2022,DEN,murraja01,Inactive,1.33,opponent,1,3
2022,DEN,portemi01,Inactive,1.47,opponent,1,3
2022,MEM,adamsst01,Did Not Play,1.97,other,1,3
2022,MEM,konchjo01,Did Not Play,0.25,other,1,3
2022,MIN,mclaujo01,Did Not Play,0.38,other,1,3
2022,MIN,okogijo01,Did Not Play,0.27,other,1,3
2022,DAL,doncilu01,Did Not Play,3.28,other,1,3
2022,DAL,hardati02,Inactive,0.11,other,1,3
2022,ATL,capelca01,Inactive,1.91,other,1,3
2022,MIL,hillge01,Inactive,0.32,other,1,3
2022,MIL,middlkh01,Inactive,2.38,other,1,3
2022,CHI,balllo01,Inactive,0.54,other,1,3
2022,PHO,bookede01,Did Not Dress,3.77,other,1,3
2022,NOP,hernawi01,Did Not Play,0.22,other,1,3
2022,NOP,willizi01,Inactive,1.7,other,1,3
2022,BRK,simmobe01,Inactive,1.59,other,1,3
2022,MIN,okogijo01,Did Not Play,0.27,other,1,4
2022,PHI,thybuma01,Inactive,0.06,other,1,4
2022,DAL,hardati02,Inactive,0.11,other,1,4
2022,MIA,lowryky01,Inactive,1.43,other,1,4
2022,MIL,hillge01,Inactive,0.32,other,1,4
2022,MIL,middlkh01,Inactive,2.38,other,1,4
2022,CHI,balllo01,Inactive,0.54,other,1,4
2022,CHI,bradlto01,Inactive,0.14,other,1,4
2022,DEN,murraja01,Inactive,1.33,opponent,1,4
2022,DEN,portemi01,Inactive,1.47,opponent,1,4
2022,PHO,bookede01,Did Not Dress,3.77,other,1,4
2022,NOP,willizi01,Inactive,1.7,other,1,4
2022,BRK,simmobe01,Inactive,1.59,other,1,4
2022,DAL,hardati02,Inactive,0.11,other,1,5
2022,TOR,vanvlfr01,Inactive,2.36,other,1,5
2022,MIN,okogijo01,Did Not Play,0.27,other,1,5
2022,MEM,adamsst01,Did Not Play,1.97,other,1,5
2022,MEM,meltode01,Did Not Play,0.94,other,1,5
2022,ATL,bogdabo01,Did Not Dress,2.04,other,1,5
2022,MIA,butleji01,Inactive,4.1,other,1,5
2022,MIA,lowryky01,Inactive,1.43,other,1,5
2022,NOP,hernawi01,Did Not Play,0.22,other,1,5
2022,PHO,bookede01,Did Not Dress,3.77,other,1,5
2022,NOP,willizi01,Inactive,1.7,other,1,5
2022,DEN,murraja01,Inactive,1.33,opponent,1,5
2022,DEN,portemi01,Inactive,1.47,opponent,1,5
2022,CHI,balllo01,Inactive,0.54,other,1,5
2022,CHI,carusal01,Inactive,0.66,other,1,5
2022,CHI,lavinza01,Inactive,0.79,other,1,5
2022,MIL,hillge01,Inactive,0.32,other,1,5
2022,MIL,middlkh01,Inactive,2.38,other,1,5
2022,NOP,hernawi01,Did Not Play,0.22,other,1,6
2022,NOP,willizi01,Inactive,1.7,other,1,6
2022,PHI,thybuma01,Inactive,0.06,other,1,6
2022,TOR,vanvlfr01,Inactive,2.36,other,1,6
2022,DAL,hardati02,Inactive,0.11,other,1,6
2022,MEM,meltode01,Did Not Play,0.94,other,1,6
2022,MIN,okogijo01,Did Not Play,0.27,other,1,6
2022,MIN,reidna01,Did Not Play,0.25,other,1,6
2022,MEM,adamsst01,Inactive,1.97,other,1,6
2022,MIL,hillge01,Inactive,0.32,other,2,1
2022,MIL,middlkh01,Inactive,2.38,other,2,1
2022,MEM,adamsst01,Inactive,1.97,opponent,2,1
2022,MIA,robindu01,Did Not Play,0.11,other,2,1
2022,PHI,embiijo01,Inactive,6.29,other,2,1
2022,MIA,lowryky01,Inactive,1.43,other,2,1
2022,DAL,hardati02,Inactive,0.11,other,2,1
2022,MIL,hillge01,Inactive,0.32,other,2,2
2022,MIL,middlkh01,Inactive,2.38,other,2,2
2022,BOS,smartma01,Inactive,2.2,other,2,2
2022,MEM,adamsst01,Inactive,1.97,opponent,2,2
2022,PHI,embiijo01,Inactive,6.29,other,2,2
2022,MIA,lowryky01,Inactive,1.43,other,2,2
2022,DAL,hardati02,Inactive,0.11,other,2,2
2022,DAL,hardati02,Inactive,0.11,other,2,3
2022,MIA,robindu01,Did Not Play,0.11,other,2,3
2022,MEM,brookdi01,Player Suspended,0.85,opponent,2,3
2022,GSW,paytoga02,Inactive,1.66,winner,2,3
2022,MIL,middlkh01,Inactive,2.38,other,2,3
2022,DAL,hardati02,Inactive,0.11,other,2,4
2022,MIA,robindu01,Did Not Play,0.11,other,2,4
2022,MEM,konchjo01,Did Not Play,0.25,opponent,2,4
2022,MEM,moranja01,Inactive,2.45,opponent,2,4
2022,GSW,paytoga02,Inactive,1.66,winner,2,4
2022,BOS,williro04,Inactive,2.8,other,2,4
2022,MIL,middlkh01,Inactive,2.38,other,2,4
2022,MIA,lowryky01,Inactive,1.43,other,2,5
2022,DAL,hardati02,Inactive,0.11,other,2,5
2022,MIL,middlkh01,Inactive,2.38,other,2,5
2022,BOS,williro04,Inactive,2.8,other,2,5
2022,GSW,paytoga02,Inactive,1.66,winner,2,5
2022,MEM,moranja01,Inactive,2.45,opponent,2,5
2022,DAL,hardati02,Inactive,0.11,other,2,6
2022,MIA,lowryky01,Inactive,1.43,other,2,6
2022,MEM,konchjo01,Did Not Play,0.25,opponent,2,6
2022,GSW,porteot01,Did Not Play,2.79,winner,2,6
2022,MEM,moranja01,Inactive,2.45,opponent,2,6
2022,GSW,paytoga02,Inactive,1.66,winner,2,6
2022,BOS,williro04,Inactive,2.8,other,2,6
2022,MIL,middlkh01,Inactive,2.38,other,2,6
2022,BOS,williro04,Did Not Play,2.8,other,2,7
2022,MIL,middlkh01,Inactive,2.38,other,2,7
2022,DAL,hardati02,Inactive,0.11,other,2,7
2022,MIA,robindu01,Did Not Play,0.11,other,3,1
2022,BOS,horfoal01,Inactive,1.55,other,3,1
2022,BOS,smartma01,Inactive,2.2,other,3,1
2022,MIA,lowryky01,Inactive,1.43,other,3,1
2022,DAL,hardati02,Inactive,0.11,opponent,3,1
2022,GSW,paytoga02,Inactive,1.66,winner,3,1
2022,BOS,whitede01,Not With Team,0.7,other,3,2
2022,MIA,lowryky01,Inactive,1.43,other,3,2
2022,DAL,hardati02,Inactive,0.11,opponent,3,2
2022,GSW,paytoga02,Inactive,1.66,winner,3,2
2022,BOS,williro04,Inactive,2.8,other,3,3
2022,GSW,paytoga02,Inactive,1.66,winner,3,3
2022,DAL,hardati02,Inactive,0.11,opponent,3,3
2022,BOS,smartma01,Inactive,2.2,other,3,4
2022,GSW,porteot01,Did Not Play,2.79,winner,3,4
2022,GSW,paytoga02,Inactive,1.66,winner,3,4
2022,DAL,hardati02,Inactive,0.11,opponent,3,4
2022,GSW,porteot01,Did Not Play,2.79,winner,3,5
2022,DAL,hardati02,Inactive,0.11,opponent,3,5
2022,GSW,paytoga02,Inactive,1.66,winner,3,5
2022,MIA,martica02,Did Not Play,0.71,other,3,7
2022,MIA,robindu01,Did Not Play,0.11,other,3,7
2022,GSW,paytoga02,Did Not Play,1.66,winner,4,1
2023,ATL,holidaa01,Did Not Play,0.28,other,1,1
2023,BOS,kornelu01,Did Not Play,0.18,other,1,1
2023,BOS,muscami01,Did Not Play,0.72,other,1,1
2023,BOS,willigr01,Did Not Play,0.14,other,1,1
2023,BRK,simmobe01,Inactive,0.19,other,1,1
2023,SAC,daviste02,Did Not Play,0.18,other,1,1
2023,MEM,adamsst01,Inactive,2.32,other,1,1
2023,MEM,clarkbr01,Inactive,1.09,other,1,1
2023,LAC,covinro01,Did Not Play,1.84,other,1,1
2023,LAC,georgpa01,Inactive,4.49,other,1,1
2023,BRK,simmobe01,Inactive,0.19,other,1,2
2023,ATL,holidaa01,Did Not Play,0.28,other,1,2
2023,BOS,muscami01,Did Not Play,0.72,other,1,2
2023,BOS,willigr01,Did Not Play,0.14,other,1,2
2023,LAC,covinro01,Did Not Play,1.84,other,1,2
2023,LAC,georgpa01,Inactive,4.49,other,1,2
2023,MIN,mclaujo01,Did Not Play,0.03,opponent,1,2
2023,MEM,adamsst01,Inactive,2.32,other,1,2
2023,MEM,clarkbr01,Inactive,1.09,other,1,2
2023,MEM,moranja01,Inactive,2.18,other,1,2
2023,MIA,herroty01,Inactive,0.13,other,1,2
2023,MIL,antetgi01,Inactive,6.55,other,1,2
2023,BRK,simmobe01,Inactive,0.19,other,1,3
2023,GSW,greendr01,Player Suspended,2.22,other,1,3
2023,GSW,paytoga02,Inactive,0.74,other,1,3
2023,PHO,wainris01,Did Not Play,0.15,other,1,3
2023,LAC,georgpa01,Inactive,4.49,other,1,3
2023,LAC,leonaka01,Inactive,4.79,other,1,3
2023,BOS,kornelu01,Did Not Play,0.18,other,1,3
2023,BOS,muscami01,Did Not Play,0.72,other,1,3
2023,ATL,holidaa01,Did Not Play,0.28,other,1,3
2023,MIN,mclaujo01,Did Not Play,0.03,opponent,1,3
2023,PHI,embiijo01,Inactive,6.32,other,1,4
2023,BRK,simmobe01,Inactive,0.19,other,1,4
2023,PHO,wainris01,Did Not Play,0.15,other,1,4
2023,LAC,georgpa01,Inactive,4.49,other,1,4
2023,LAC,leonaka01,Inactive,4.79,other,1,4
2023,MEM,adamsst01,Inactive,2.32,other,1,3
2023,MEM,clarkbr01,Inactive,1.09,other,1,3
2023,MIL,antetgi01,Inactive,6.55,other,1,3
2023,MIA,herroty01,Inactive,0.13,other,1,3
2023,ATL,holidaa01,Did Not Play,0.28,other,1,4
2023,BOS,kornelu01,Inactive,0.18,other,1,4
2023,SAC,daviste02,Did Not Play,0.18,other,1,4
2023,NYK,grimequ01,Did Not Dress,0.05,other,1,4
2023,MEM,adamsst01,Inactive,2.32,other,1,4
2023,MEM,clarkbr01,Inactive,1.09,other,1,4
2023,MIL,crowdja01,Did Not Play,0.28,other,1,4
2023,MIA,herroty01,Inactive,0.13,other,1,4
2023,ATL,murrade01,Not With Team,0.2,other,1,5
2023,BOS,kornelu01,Did Not Play,0.18,other,1,5
2023,BOS,muscami01,Did Not Play,0.72,other,1,5
2023,BOS,willigr01,Did Not Play,0.14,other,1,5
2023,MIN,mclaujo01,Did Not Play,0.03,opponent,1,5
2023,MIN,anderky01,Inactive,1.05,opponent,1,5
2023,LAC,covinro01,Did Not Play,1.84,other,1,5
2023,PHO,wainris01,Did Not Play,0.15,other,1,5
2023,LAC,georgpa01,Inactive,4.49,other,1,5
2023,LAC,leonaka01,Inactive,4.79,other,1,5
2023,NYK,grimequ01,Did Not Dress,0.05,other,1,5
2023,MEM,adamsst01,Inactive,2.32,other,1,5
2023,MEM,clarkbr01,Inactive,1.09,other,1,5
2023,MIL,carteje01,Did Not Play,0.36,other,1,5
2023,MIA,herroty01,Inactive,0.13,other,1,5
2023,GSW,kuminjo01,Did Not Play,0.05,other,1,5
2023,SAC,daviste02,Did Not Play,0.18,other,1,5
2023,BOS,kornelu01,Did Not Play,0.18,other,1,6
2023,BOS,muscami01,Did Not Play,0.72,other,1,6
2023,ATL,holidaa01,Did Not Play,0.28,other,1,6
2023,MEM,kennalu01,Did Not Dress,0.14,other,1,6
2023,MEM,adamsst01,Inactive,2.32,other,1,6
2023,MEM,clarkbr01,Inactive,1.09,other,1,6
2023,NYK,randlju01,Did Not Dress,0.57,other,2,1
2023,MIA,herroty01,Inactive,0.13,other,2,1
2023,BOS,kornelu01,Did Not Play,0.18,other,2,1
2023,BOS,muscami01,Did Not Play,0.72,other,2,1
2023,PHI,embiijo01,Inactive,6.32,other,2,1
2023,GSW,kuminjo01,Did Not Play,0.05,other,2,1
2023,MIA,butleji01,Inactive,3.57,other,2,2
2023,MIA,herroty01,Inactive,0.13,other,2,2
2023,BOS,kornelu01,Did Not Play,0.18,other,2,3
2023,BOS,muscami01,Did Not Play,0.72,other,2,3
2023,PHO,paulch01,Did Not Play,3.08,opponent,2,3
2023,PHO,wainris01,Did Not Play,0.15,opponent,2,3
2023,MIA,herroty01,Inactive,0.13,other,2,3
2023,BOS,kornelu01,Did Not Play,0.18,other,2,4
2023,BOS,muscami01,Did Not Play,0.72,other,2,4
2023,PHO,paulch01,Did Not Dress,3.08,opponent,2,4
2023,PHO,wainris01,Did Not Play,0.15,opponent,2,4
2023,GSW,kuminjo01,Did Not Play,0.05,other,2,4
2023,NYK,quickim01,Inactive,1.73,other,2,4
2023,MIA,herroty01,Inactive,0.13,other,2,4
2023,PHO,paulch01,Did Not Dress,3.08,opponent,2,5
2023,MIA,herroty01,Inactive,0.13,other,2,5
2023,NYK,quickim01,Inactive,1.73,other,2,5
2023,BOS,kornelu01,Did Not Play,0.18,other,2,6
2023,BOS,muscami01,Did Not Play,0.72,other,2,6
2023,BOS,willigr01,Did Not Play,0.14,other,2,6
2023,PHO,aytonde01,Did Not Dress,0.76,opponent,2,6
2023,PHO,okogijo01,Did Not Play,1.36,opponent,2,6
2023,PHO,paulch01,Did Not Dress,3.08,opponent,2,6
2023,NYK,quickim01,Inactive,1.73,other,2,6
2023,MIA,herroty01,Inactive,0.13,other,2,6
2023,BOS,muscami01,Did Not Play,0.72,other,2,7
2023,BOS,kornelu01,Did Not Play,0.18,other,3,1
2023,BOS,muscami01,Did Not Play,0.72,other,3,1
2023,BOS,willigr01,Did Not Play,0.14,other,3,1
2023,MIA,herroty01,Inactive,0.13,other,3,1
2023,BOS,kornelu01,Did Not Play,0.18,other,3,2
2023,BOS,muscami01,Did Not Play,0.72,other,3,2
2023,MIA,herroty01,Inactive,0.13,other,3,2
2023,MIA,herroty01,Inactive,0.13,other,3,3
2023,LAL,vandeja01,Did Not Play,0.04,opponent,3,4
2023,MIA,herroty01,Inactive,0.13,other,3,4
2023,BOS,muscami01,Did Not Play,0.72,other,3,5
2023,MIA,herroty01,Inactive,0.13,other,3,5
2023,BOS,kornelu01,Did Not Play,0.18,other,3,6
2023,BOS,muscami01,Did Not Play,0.72,other,3,6
2023,BOS,brogdma01,Inactive,0.33,other,3,6
2023,MIA,herroty01,Inactive,0.13,other,3,6
2023,MIA,herroty01,Inactive,0.13,other,3,7
2023,MIA,herroty01,Inactive,0.13,opponent,4,1
2023,MIA,herroty01,Inactive,0.13,opponent,4,2
2023,MIA,herroty01,Inactive,0.13,opponent,4,3
2023,MIA,herroty01,Inactive,0.13,opponent,4,4
2023,MIA,herroty01,Did Not Play,0.13,opponent,4,5
2024,ORL,bitadgo01,Did Not Play,0.29,other,1,1
2024,CLE,wadede01,Inactive,0.91,other,1,1
2024,LAL,vandeja01,Did Not Play,0.9,other,1,1
2024,LAL,woodch01,Inactive,0.17,other,1,1
2024,PHI,covinro01,Inactive,0.58,other,1,1
2024,PHI,meltode01,Inactive,1.35,other,1,1
2024,NYK,randlju01,Inactive,1.91,other,1,1
2024,MIA,butleji01,Not With Team,3.52,opponent,1,1
2024,BOS,kornelu01,Inactive,0.86,winner,1,1
2024,LAC,leonaka01,Inactive,5.39,other,1,1
2024,MIL,antetgi01,Inactive,6.27,other,1,1
2024,NOP,willizi01,Inactive,1.08,other,1,1
2024,ORL,bitadgo01,Did Not Play,0.29,other,1,2
2024,CLE,wadede01,Inactive,0.91,other,1,2
2024,LAL,vandeja01,Did Not Dress,0.9,other,1,2
2024,LAL,woodch01,Inactive,0.17,other,1,2
2024,PHI,covinro01,Inactive,0.58,other,1,2
2024,PHI,meltode01,Inactive,1.35,other,1,2
2024,NYK,randlju01,Inactive,1.91,other,1,2
2024,DAL,poweldw01,Did Not Play,1.56,other,1,2
2024,IND,jacksis01,Did Not Play,0.49,other,1,2
2024,MIL,antetgi01,Inactive,6.27,other,1,2
2024,MIA,butleji01,Not With Team,3.52,opponent,1,2
2024,BOS,kornelu01,Inactive,0.86,winner,1,2
2024,NOP,willizi01,Inactive,1.08,other,1,2
2024,LAL,vandeja01,Did Not Dress,0.9,other,1,3
2024,LAL,woodch01,Inactive,0.17,other,1,3
2024,CLE,wadede01,Inactive,0.91,other,1,3
2024,PHI,meltode01,Did Not Play,1.35,other,1,3
2024,NYK,randlju01,Inactive,1.91,other,1,3
2024,PHI,covinro01,Inactive,0.58,other,1,3
2024,IND,jacksis01,Did Not Play,0.49,other,1,3
2024,MIL,antetgi01,Inactive,6.27,other,1,3
2024,MIN,mclaujo01,Did Not Play,1.19,other,1,3
2024,PHO,allengr01,Inactive,0.92,other,1,3
2024,LAL,woodch01,Did Not Play,0.17,other,1,4
2024,LAL,vandeja01,Inactive,0.9,other,1,4
2024,MIA,butleji01,Did Not Dress,3.52,opponent,1,3
2024,NOP,willizi01,Inactive,1.08,other,1,3
2024,CLE,wadede01,Inactive,0.91,other,1,4
2024,DAL,poweldw01,Did Not Play,1.56,other,1,4
2024,LAC,leonaka01,Inactive,5.39,other,1,4
2024,MIL,antetgi01,Inactive,6.27,other,1,4
2024,MIL,lillada01,Inactive,2.63,other,1,4
2024,NYK,robinmi01,Did Not Dress,2.33,other,1,4
2024,NYK,randlju01,Inactive,1.91,other,1,4
2024,PHI,covinro01,Inactive,0.58,other,1,4
2024,MIN,mclaujo01,Did Not Play,1.19,other,1,4
2024,PHO,bolbo01,Did Not Play,0.13,other,1,4
2024,PHO,allengr01,Inactive,0.92,other,1,4
2024,LAL,vandeja01,Did Not Play,0.9,other,1,5
2024,LAL,woodch01,Did Not Play,0.17,other,1,5
2024,MIA,butleji01,Did Not Dress,3.52,opponent,1,4
2024,NOP,daniedy01,Did Not Play,0.16,other,1,4
2024,NOP,willizi01,Inactive,1.08,other,1,4
2024,ORL,bitadgo01,Did Not Play,0.29,other,1,5
2024,CLE,allenja01,Did Not Dress,1.79,other,1,5
2024,CLE,wadede01,Inactive,0.91,other,1,5
2024,MIL,antetgi01,Inactive,6.27,other,1,5
2024,MIL,lillada01,Inactive,2.63,other,1,5
2024,PHI,meltode01,Did Not Play,1.35,other,1,5
2024,PHI,covinro01,Inactive,0.58,other,1,5
2024,NYK,randlju01,Inactive,1.91,other,1,5
2024,MIA,butleji01,Not With Team,3.52,opponent,1,5
2024,BOS,porzikr01,Inactive,3.27,winner,1,5
2024,LAC,leonaka01,Inactive,5.39,other,1,5
2024,MIL,antetgi01,Inactive,6.27,other,1,6
2024,PHI,meltode01,Did Not Play,1.35,other,1,6
2024,NYK,randlju01,Inactive,1.91,other,1,6
2024,PHI,covinro01,Inactive,0.58,other,1,6
2024,LAC,leonaka01,Inactive,5.39,other,1,6
2024,CLE,allenja01,Did Not Dress,1.79,other,1,6
2024,ORL,bitadgo01,Did Not Play,0.29,other,1,6
2024,ORL,harriga01,Did Not Dress,0.29,other,1,6
2024,CLE,wadede01,Inactive,0.91,other,1,6
2024,MIN,mclaujo01,Did Not Play,1.19,other,2,1
2024,ORL,bitadgo01,Did Not Play,0.29,other,1,7
2024,CLE,allenja01,Did Not Dress,1.79,other,1,7
2024,CLE,wadede01,Inactive,0.91,other,1,7
2024,MIN,goberru01,Inactive,3.25,other,2,2
2024,NYK,randlju01,Inactive,1.91,other,2,1
2024,CLE,allenja01,Did Not Dress,1.79,opponent,2,1
2024,CLE,wadede01,Inactive,0.91,opponent,2,1
2024,BOS,porzikr01,Inactive,3.27,winner,2,1
2024,DAL,klebima01,Inactive,0.03,other,2,1
2024,NYK,randlju01,Inactive,1.91,other,2,2
2024,NYK,robinmi01,Inactive,2.33,other,2,2
2024,CLE,allenja01,Did Not Dress,1.79,opponent,2,2
2024,CLE,wadede01,Inactive,0.91,opponent,2,2
2024,BOS,porzikr01,Inactive,3.27,winner,2,2
2024,OKC,willike04,Did Not Play,0.73,other,2,2
2024,DAL,klebima01,Inactive,0.03,other,2,2
2024,NYK,anunoog01,Did Not Dress,2.88,other,2,3
2024,NYK,randlju01,Inactive,1.91,other,2,3
2024,NYK,robinmi01,Inactive,2.33,other,2,3
2024,CLE,allenja01,Did Not Dress,1.79,opponent,2,3
2024,BOS,porzikr01,Inactive,3.27,winner,2,3
2024,OKC,willike04,Did Not Play,0.73,other,2,3
2024,DAL,poweldw01,Did Not Play,1.56,other,2,3
2024,DAL,klebima01,Inactive,0.03,other,2,3
2024,NYK,anunoog01,Did Not Dress,2.88,other,2,4
2024,NYK,randlju01,Inactive,1.91,other,2,4
2024,NYK,robinmi01,Inactive,2.33,other,2,4
2024,MIN,mclaujo01,Did Not Play,1.19,other,2,4
2024,CLE,allenja01,Did Not Dress,1.79,opponent,2,4
2024,CLE,mitchdo01,Did Not Dress,4.8,opponent,2,4
2024,BOS,porzikr01,Inactive,3.27,winner,2,4
2024,DAL,poweldw01,Did Not Play,1.56,other,2,4
2024,DAL,klebima01,Inactive,0.03,other,2,4
2024,MIN,conlemi01,Did Not Dress,0.65,other,2,5
2024,MIN,mclaujo01,Did Not Play,1.19,other,2,5
2024,NYK,anunoog01,Did Not Dress,2.88,other,2,5
2024,NYK,randlju01,Inactive,1.91,other,2,5
2024,NYK,robinmi01,Inactive,2.33,other,2,5
2024,CLE,allenja01,Did Not Dress,1.79,opponent,2,5
2024,CLE,mitchdo01,Did Not Dress,4.8,opponent,2,5
2024,BOS,porzikr01,Inactive,3.27,winner,2,5
2024,OKC,willike04,Did Not Play,0.73,other,2,5
2024,DAL,klebima01,Inactive,0.03,other,2,5
2024,NYK,anunoog01,Did Not Dress,2.88,other,2,6
2024,NYK,randlju01,Inactive,1.91,other,2,6
2024,NYK,robinmi01,Inactive,2.33,other,2,6
2024,DAL,poweldw01,Did Not Play,1.56,other,2,6
2024,DAL,klebima01,Inactive,0.03,other,2,6
2024,MIN,mclaujo01,Did Not Play,1.19,other,2,7
2024,NYK,randlju01,Inactive,1.91,other,2,7
2024,NYK,robinmi01,Inactive,2.33,other,2,7
2024,BOS,porzikr01,Inactive,3.27,winner,3,1
2024,DAL,poweldw01,Did Not Play,1.56,other,3,1
2024,MIN,mclaujo01,Did Not Play,1.19,other,3,1
2024,DAL,klebima01,Inactive,0.03,other,3,1
2024,BOS,porzikr01,Inactive,3.27,winner,3,2
2024,DAL,poweldw01,Did Not Play,1.56,other,3,2
2024,MIN,mclaujo01,Did Not Play,1.19,other,3,2
2024,DAL,klebima01,Inactive,0.03,other,3,2
2024,BOS,kornelu01,Inactive,0.86,winner,3,3
2024,BOS,porzikr01,Inactive,3.27,winner,3,3
2024,IND,halibty01,Inactive,2.95,opponent,3,3
2024,MIN,mclaujo01,Did Not Play,1.19,other,3,3
2024,DAL,klebima01,Inactive,0.03,other,3,3
2024,BOS,kornelu01,Did Not Play,0.86,winner,3,4
2024,BOS,porzikr01,Inactive,3.27,winner,3,4
2024,IND,halibty01,Inactive,2.95,opponent,3,4
2024,MIN,mclaujo01,Did Not Play,1.19,other,3,4
2024,DAL,livelde01,Inactive,0.92,other,3,4
2024,DAL,poweldw01,Did Not Play,1.56,opponent,4,2
2024,BOS,kornelu01,Did Not Play,0.86,winner,4,2
2024,BOS,kornelu01,Did Not Play,0.86,winner,4,3
2024,DAL,poweldw01,Did Not Play,1.56,opponent,4,3
2024,BOS,porzikr01,Inactive,3.27,winner,4,3
2024,BOS,porzikr01,Did Not Play,3.27,winner,4,4
2025,IND,bradlto01,Did Not Play,0.32,other,1,1
2025,MIL,lillada01,Inactive,1.63,other,1,1
2025,IND,jacksis01,Inactive,0.69,other,1,1
2025,DET,reedpa01,Did Not Play,0.69,other,1,1
2025,BOS,quetane01,Did Not Play,0.29,other,1,1
2025,ORL,suggsja01,Inactive,1.51,other,1,1
2025,ORL,wagnemo01,Inactive,0.53,other,1,1
2025,HOU,tateja01,Did Not Play,0.27,other,1,1
2025,MEM,clarkbr01,Inactive,1.89,opponent,1,1
2025,MEM,kawamyu01,Inactive,0.07,opponent,1,1
2025,IND,bradlto01,Did Not Play,0.32,other,1,2
2025,IND,jacksis01,Inactive,0.69,other,1,2
2025,MIN,minotjo01,Did Not Play,1.18,other,1,2
2025,OKC,willike04,Did Not Play,1.42,winner,1,2
2025,MEM,clarkbr01,Inactive,1.89,opponent,1,2
2025,BOS,quetane01,Did Not Play,0.29,other,1,2
2025,BOS,tatumja01,Did Not Dress,5.77,other,1,2
2025,ORL,suggsja01,Inactive,1.51,other,1,2
2025,ORL,wagnemo01,Inactive,0.53,other,1,2
2025,MIA,burksal01,Did Not Play,0.05,other,1,2
2025,CLE,greenja02,Did Not Play,0.83,other,1,2
2025,HOU,tateja01,Did Not Dress,0.27,other,1,2
2025,OKC,willike04,Did Not Play,1.42,winner,1,3
2025,MEM,clarkbr01,Inactive,1.89,opponent,1,3
2025,IND,jacksis01,Inactive,0.69,other,1,3
2025,MIN,minotjo01,Did Not Play,1.18,other,1,3
2025,BOS,holidjr01,Did Not Dress,0.83,other,1,3
2025,BOS,quetane01,Did Not Play,0.29,other,1,3
2025,ORL,bitadgo01,Did Not Play,1.39,other,1,3
2025,ORL,suggsja01,Inactive,1.51,other,1,3
2025,ORL,wagnemo01,Inactive,0.53,other,1,3
2025,HOU,tateja01,Did Not Dress,0.27,other,1,3
2025,GSW,butleji01,Did Not Dress,2.51,other,1,3
2025,MEM,clarkbr01,Inactive,1.89,opponent,1,4
2025,MEM,moranja01,Inactive,2.29,opponent,1,4
2025,CLE,garlada01,Did Not Dress,2.16,other,1,3
2025,MIA,burksal01,Did Not Play,0.05,other,1,3
2025,IND,jacksis01,Inactive,0.69,other,1,4
2025,MIN,minotjo01,Did Not Play,1.18,other,1,4
2025,BOS,quetane01,Did Not Play,0.29,other,1,4
2025,ORL,bitadgo01,Did Not Play,1.39,other,1,4
2025,BOS,holidjr01,Inactive,0.83,other,1,4
2025,ORL,suggsja01,Inactive,1.51,other,1,4
2025,ORL,wagnemo01,Inactive,0.53,other,1,4
2025,HOU,tateja01,Did Not Dress,0.27,other,1,4
2025,CLE,garlada01,Did Not Dress,2.16,other,1,4
2025,MIA,burksal01,Did Not Play,0.05,other,1,4
2025,ORL,suggsja01,Inactive,1.51,other,1,5
2025,ORL,wagnemo01,Inactive,0.53,other,1,5
2025,BOS,holidjr01,Inactive,0.83,other,1,5
2025,IND,bradlto01,Did Not Play,0.32,other,1,5
2025,MIL,lillada01,Inactive,1.63,other,1,5
2025,IND,jacksis01,Inactive,0.69,other,1,5
2025,HOU,tateja01,Did Not Dress,0.27,other,1,5
2025,MIN,minotjo01,Did Not Play,1.18,other,1,5
2025,HOU,tateja01,Did Not Dress,0.27,other,1,6
2025,IND,bradlto01,Did Not Play,0.32,other,2,1
2025,CLE,garlada01,Did Not Dress,2.16,other,2,1
2025,CLE,greenja02,Did Not Play,0.83,other,2,1
2025,IND,jacksis01,Inactive,0.69,other,2,1
2025,GSW,paytoga02,Did Not Dress,0.97,other,1,7
2025,HOU,tateja01,Did Not Dress,0.27,other,1,7
2025,BOS,quetane01,Did Not Play,0.29,other,2,1
2025,OKC,willike04,Did Not Play,1.42,winner,2,1
2025,IND,bradlto01,Did Not Play,0.32,other,2,2
2025,CLE,garlada01,Did Not Dress,2.16,other,2,2
2025,CLE,huntede01,Did Not Dress,0.76,other,2,2
2025,CLE,mobleev01,Did Not Dress,3.38,other,2,2
2025,IND,jacksis01,Inactive,0.69,other,2,2
2025,MIN,minotjo01,Did Not Play,1.18,other,2,1
2025,BOS,hausesa01,Did Not Dress,0.52,other,2,2
2025,BOS,quetane01,Did Not Play,0.29,other,2,2
2025,GSW,curryst01,Did Not Dress,3.97,other,2,2
2025,OKC,willike04,Did Not Play,1.42,winner,2,3
2025,IND,jacksis01,Inactive,0.69,other,2,3
2025,MIN,minotjo01,Did Not Play,1.18,other,2,3
2025,GSW,curryst01,Did Not Dress,3.97,other,2,3
2025,BOS,hausesa01,Inactive,0.52,other,2,3
2025,OKC,willike04,Did Not Play,1.42,winner,2,4
2025,IND,jacksis01,Inactive,0.69,other,2,4
2025,MIN,minotjo01,Did Not Play,1.18,other,2,4
2025,GSW,curryst01,Did Not Dress,3.97,other,2,4
2025,BOS,quetane01,Did Not Play,0.29,other,2,4
2025,BOS,hausesa01,Inactive,0.52,other,2,4
2025,IND,bradlto01,Did Not Play,0.32,other,2,5
2025,CLE,greenja02,Did Not Play,0.83,other,2,5
2025,CLE,merrisa01,Did Not Dress,0.12,other,2,5
2025,IND,jacksis01,Inactive,0.69,other,2,5
2025,OKC,willike04,Did Not Play,1.42,winner,2,5
2025,BOS,tatumja01,Inactive,5.77,other,2,5
2025,GSW,curryst01,Did Not Dress,3.97,other,2,5
2025,MIN,minotjo01,Did Not Play,1.18,other,2,5
2025,OKC,willike04,Did Not Play,1.42,winner,2,6
2025,BOS,tatumja01,Inactive,5.77,other,2,6
2025,OKC,willija07,Did Not Play,0.29,winner,3,1
2025,IND,bradlto01,Did Not Play,0.32,other,3,1
2025,IND,jacksis01,Did Not Dress,0.69,other,3,1
2025,MIN,minotjo01,Did Not Play,1.18,opponent,3,2
2025,OKC,willija07,Did Not Play,0.29,winner,3,2
2025,IND,jacksis01,Did Not Dress,0.69,other,3,2
2025,IND,jacksis01,Did Not Dress,0.69,other,3,3
2025,OKC,wiggiaa01,Did Not Play,1.91,winner,3,4
2025,MIN,minotjo01,Did Not Play,1.18,opponent,3,4
2025,IND,jacksis01,Did Not Dress,0.69,other,3,4
2025,IND,jacksis01,Did Not Dress,0.69,other,3,5
2025,IND,bradlto01,Did Not Play,0.32,other,3,6
2025,IND,jacksis01,Did Not Dress,0.69,other,3,6
2025,IND,bradlto01,Did Not Play,0.32,opponent,4,1
2025,IND,jacksis01,Did Not Dress,0.69,opponent,4,1
2025,OKC,willija07,Did Not Play,0.29,winner,4,1
2025,IND,bradlto01,Did Not Play,0.32,opponent,4,2
2025,IND,jacksis01,Did Not Dress,0.69,opponent,4,2
2025,IND,bradlto01,Did Not Play,0.32,opponent,4,3
2025,IND,jacksis01,Did Not Dress,0.69,opponent,4,3
2025,OKC,willija07,Did Not Play,0.29,winner,4,4
2025,IND,bradlto01,Did Not Play,0.32,opponent,4,4
2025,IND,jacksis01,Did Not Dress,0.69,opponent,4,4
2025,IND,jacksis01,Did Not Dress,0.69,opponent,4,5
2025,OKC,joeis01,Did Not Play,1.1,winner,4,5
2025,OKC,willija07,Did Not Play,0.29,winner,4,5
2025,IND,jacksis01,Did Not Dress,0.69,opponent,4,6
2025,IND,jacksis01,Did Not Dress,0.69,opponent,4,7
2025,OKC,joeis01,Did Not Play,1.1,winner,4,7
2025,OKC,willija07,Did Not Play,0.29,winner,4,7
2026,TOR,quickim01,Inactive,0.87,other,1,1
2026,MIN,berinjo01,Did Not Play,0.26,other,1,1
2026,HOU,duranke01,Did Not Dress,3.22,other,1,1
2026,HOU,adamsst01,Inactive,1.45,other,1,1
2026,HOU,vanvlfr01,Inactive,0.95,other,1,1
2026,LAL,doncilu01,Inactive,4.41,other,1,1
2026,LAL,reaveau01,Inactive,0.96,other,1,1
2026,NYK,alvarjo01,Did Not Play,0.03,other,1,1
2026,PHI,embiijo01,Inactive,2.58,other,1,1
2026,DET,reedpa01,Did Not Play,1.54,other,1,1
2026,ORL,isaacjo01,Inactive,0.64,other,1,1
2026,PHO,allengr01,Did Not Play,0.44,other,1,1
2026,TOR,quickim01,Inactive,0.87,other,1,2
2026,MIN,berinjo01,Did Not Play,0.26,other,1,2
2026,PHI,embiijo01,Inactive,2.58,other,1,2
2026,HOU,adamsst01,Inactive,1.45,other,1,2
2026,HOU,vanvlfr01,Inactive,0.95,other,1,2
2026,LAL,doncilu01,Inactive,4.41,other,1,2
2026,LAL,reaveau01,Inactive,0.96,other,1,2
2026,ORL,isaacjo01,Inactive,0.64,other,1,2
2026,PHO,allengr01,Did Not Play,0.44,other,1,2
2026,OKC,wiggiaa01,Did Not Play,0.17,other,1,2
2026,OKC,willike04,Did Not Play,0.56,other,1,2
2026,PHO,goodwjo01,Inactive,0.47,other,1,2
2026,DEN,gordoaa01,Inactive,2.1,other,1,3
2026,TOR,quickim01,Inactive,0.87,other,1,3
2026,LAL,reaveau01,Did Not Dress,0.96,other,1,3
2026,HOU,duranke01,Did Not Dress,3.22,other,1,3
2026,LAL,doncilu01,Inactive,4.41,other,1,3
2026,HOU,adamsst01,Inactive,1.45,other,1,3
2026,HOU,vanvlfr01,Inactive,0.95,other,1,3
2026,PHI,embiijo01,Inactive,2.58,other,1,3
2026,SAS,wembavi01,Inactive,6.17,other,1,3
2026,MIN,berinjo01,Did Not Play,0.26,other,1,4
2026,ORL,isaacjo01,Inactive,0.64,other,1,3
2026,OKC,joeis01,Inactive,0.9,other,1,3
2026,OKC,willija06,Inactive,1.96,other,1,3
2026,PHO,goodwjo01,Inactive,0.47,other,1,3
2026,LAL,reaveau01,Did Not Dress,0.96,other,1,4
2026,HOU,capelca01,Did Not Play,0.95,other,1,4
2026,LAL,doncilu01,Inactive,4.41,other,1,4
2026,HOU,adamsst01,Inactive,1.45,other,1,4
2026,HOU,duranke01,Inactive,3.22,other,1,4
2026,HOU,vanvlfr01,Inactive,0.95,other,1,4
2026,POR,thybuma01,Did Not Play,0.72,other,1,4
2026,TOR,quickim01,Inactive,0.87,other,1,4
2026,MIN,divindo01,Inactive,1.36,other,1,5
2026,MIN,edwaran01,Inactive,3.59,other,1,5
2026,DEN,gordoaa01,Inactive,2.1,other,1,5
2026,DET,reedpa01,Did Not Play,1.54,other,1,4
2026,ORL,isaacjo01,Inactive,0.64,other,1,4
2026,OKC,willija06,Inactive,1.96,other,1,4
2026,PHO,goodwjo01,Inactive,0.47,other,1,4
2026,CLE,elliske01,Did Not Play,0.78,other,1,5
2026,TOR,quickim01,Inactive,0.87,other,1,5
2026,DET,reedpa01,Did Not Play,1.54,other,1,5
2026,ORL,isaacjo01,Inactive,0.64,other,1,5
2026,ORL,wagnefr01,Inactive,1.55,other,1,5
2026,HOU,adamsst01,Inactive,1.45,other,1,5
2026,HOU,capelca01,Inactive,0.95,other,1,5
2026,HOU,duranke01,Inactive,3.22,other,1,5
2026,HOU,vanvlfr01,Inactive,0.95,other,1,5
2026,LAL,doncilu01,Inactive,4.41,other,1,5
2026,MIN,berinjo01,Did Not Play,0.26,other,1,6
2026,DEN,gordoaa01,Inactive,2.1,other,1,6
2026,MIN,divindo01,Inactive,1.36,other,1,6
2026,MIN,edwaran01,Inactive,3.59,other,1,6
2026,LAL,vandeja01,Did Not Play,0.59,other,1,6
2026,LAL,doncilu01,Inactive,4.41,other,1,6
2026,HOU,adamsst01,Inactive,1.45,other,1,6
2026,HOU,duranke01,Inactive,3.22,other,1,6
2026,HOU,vanvlfr01,Inactive,0.95,other,1,6
2026,ORL,isaacjo01,Inactive,0.64,other,1,6
2026,ORL,wagnefr01,Inactive,1.55,other,1,6
2026,CLE,elliske01,Did Not Play,0.78,other,1,6
2026,TOR,ingrabr01,Inactive,0.64,other,1,6
2026,TOR,quickim01,Inactive,0.87,other,1,6
2026,BOS,tatumja01,Did Not Dress,3.24,other,1,7
2026,CLE,elliske01,Did Not Play,0.78,other,1,7
2026,TOR,ingrabr01,Inactive,0.64,other,1,7
2026,TOR,quickim01,Inactive,0.87,other,1,7
2026,ORL,bitadgo01,Did Not Play,1.02,other,1,7
2026,ORL,isaacjo01,Inactive,0.64,other,1,7
2026,ORL,wagnefr01,Inactive,1.55,other,1,7
2026,MIN,berinjo01,Did Not Play,0.26,other,2,1
2026,MIN,divindo01,Inactive,1.36,other,2,1
2026,DET,reedpa01,Did Not Play,1.54,other,2,1
2026,LAL,doncilu01,Inactive,4.41,other,2,1
2026,OKC,willija06,Inactive,1.96,other,2,1
2026,NYK,robinmi01,Did Not Dress,2.75,other,2,2
2026,PHI,embiijo01,Inactive,2.58,other,2,2
2026,MIN,divindo01,Inactive,1.36,other,2,2
2026,CLE,merrisa01,Did Not Dress,0.22,other,2,2
2026,DET,reedpa01,Did Not Play,1.54,other,2,2
2026,LAL,doncilu01,Inactive,4.41,other,2,2
2026,LAL,vandeja01,Inactive,0.59,other,2,2
2026,OKC,willija06,Inactive,1.96,other,2,2
2026,MIN,berinjo01,Did Not Play,0.26,other,2,3
2026,MIN,divindo01,Inactive,1.36,other,2,3
2026,NYK,anunoog01,Inactive,3.51,other,2,3
2026,CLE,elliske01,Did Not Play,0.78,other,2,3
2026,LAL,vandeja01,Did Not Play,0.59,other,2,3
2026,OKC,willija06,Inactive,1.96,other,2,3
2026,LAL,doncilu01,Inactive,4.41,other,2,3
2026,MIN,berinjo01,Did Not Play,0.26,other,2,4
2026,MIN,divindo01,Inactive,1.36,other,2,4
2026,NYK,anunoog01,Inactive,3.51,other,2,4
2026,OKC,willike04,Did Not Play,0.56,other,2,4
2026,OKC,willija06,Inactive,1.96,other,2,4
2026,LAL,doncilu01,Inactive,4.41,other,2,4
2026,MIN,divindo01,Inactive,1.36,other,2,5
2026,CLE,elliske01,Did Not Play,0.78,other,2,5
2026,DET,greenja02,Did Not Play,0.51,other,2,5
2026,DET,robindu01,Inactive,0.56,other,2,5
2026,DET,greenja02,Did Not Play,0.51,other,2,6
2026,MIN,divindo01,Inactive,1.36,other,2,6
2026,DET,greenja02,Did Not Play,0.51,other,2,7
2026,OKC,willike04,Did Not Play,0.56,other,3,1
2026,SAS,foxde01,Inactive,2.41,other,3,1
2026,OKC,willike04,Did Not Play,0.56,other,3,2
2026,SAS,foxde01,Inactive,2.41,other,3,2
2026,OKC,willija06,Inactive,1.96,other,3,3
2026,CLE,elliske01,Did Not Play,0.78,other,3,3
2026,OKC,mitchaj01,Inactive,1.25,other,3,4
2026,OKC,willija06,Inactive,1.96,other,3,4
2026,OKC,mitchaj01,Inactive,1.25,other,3,5
2026,OKC,willija06,Inactive,1.96,other,3,5