bbrID,name,dpm,season
abdursh01,Shareef Abdur-Rahim,1.06,2006
adamsjo01,Jordan Adams,0.52,2016
adamsst01,Steven Adams,0.01,2015
adamsst01,Steven Adams,1.22,2016
adamsst01,Steven Adams,1.68,2017
adamsst01,Steven Adams,2.62,2018
adamsst01,Steven Adams,2.59,2019
adamsst01,Steven Adams,2.65,2020
adamsst01,Steven Adams,0.84,2021
adamsst01,Steven Adams,1.97,2022
adamsst01,Steven Adams,2.32,2023
adamsst01,Steven Adams,1.35,2024
adamsst01,Steven Adams,2.24,2025
adamsst01,Steven Adams,1.45,2026
adebaba01,Bam Adebayo,1.11,2019
adebaba01,Bam Adebayo,1.94,2020
adebaba01,Bam Adebayo,1.95,2021
adebaba01,Bam Adebayo,3.06,2022
adebaba01,Bam Adebayo,2,2023
adebaba01,Bam Adebayo,1.95,2024
adebaba01,Bam Adebayo,1.61,2025
adebaba01,Bam Adebayo,2.28,2026
afflaar01,Arron Afflalo,0.13,2011
ajincal01,Alexis Ajinça,0.33,2015
aldrico01,Cole Aldrich,0.16,2016
aldrila01,LaMarcus Aldridge,2.43,2008
aldrila01,LaMarcus Aldridge,4.29,2009
aldrila01,LaMarcus Aldridge,3.47,2010
aldrila01,LaMarcus Aldridge,4.42,2011
aldrila01,LaMarcus Aldridge,4.6,2012
aldrila01,LaMarcus Aldridge,4.05,2013
aldrila01,LaMarcus Aldridge,5.35,2014
aldrila01,LaMarcus Aldridge,4.82,2015
aldrila01,LaMarcus Aldridge,4.83,2016
aldrila01,LaMarcus Aldridge,1.66,2017
aldrila01,LaMarcus Aldridge,3.69,2018
aldrila01,LaMarcus Aldridge,3.01,2019
aldrila01,LaMarcus Aldridge,0.8,2020
alexani01,Nickeil Alexander-Walker,0.62,2024
alexani01,Nickeil Alexander-Walker,0.33,2025
alexani01,Nickeil Alexander-Walker,0.83,2026
allengr01,Grayson Allen,0.37,2023
allengr01,Grayson Allen,0.92,2024
allengr01,Grayson Allen,0.41,2025
allengr01,Grayson Allen,0.44,2026
allenja01,Jarrett Allen,0.25,2019
allenja01,Jarrett Allen,0.8,2020
allenja01,Jarrett Allen,1.52,2022
allenja01,Jarrett Allen,2.17,2023
allenja01,Jarrett Allen,1.79,2024
allenja01,Jarrett Allen,2.68,2025
allenja01,Jarrett Allen,3.07,2026
allenla01,Lavoy Allen,0.04,2012
allenla01,Lavoy Allen,0.34,2015
allenla01,Lavoy Allen,0.75,2016
allenra02,Ray Allen,3.87,2001
allenra02,Ray Allen,2.98,2002
allenra02,Ray Allen,3.38,2003
allenra02,Ray Allen,3.49,2004
allenra02,Ray Allen,3.11,2005
allenra02,Ray Allen,3.51,2006
allenra02,Ray Allen,3.17,2007
allenra02,Ray Allen,1.3,2008
allenra02,Ray Allen,1.79,2009
allenra02,Ray Allen,0.95,2010
allenra02,Ray Allen,1.09,2011
allento01,Tony Allen,0.69,2005
allento01,Tony Allen,0.83,2006
allento01,Tony Allen,1.77,2007
allento01,Tony Allen,0.17,2008
allento01,Tony Allen,0.11,2009
allento01,Tony Allen,0.46,2010
allento01,Tony Allen,0.95,2011
allento01,Tony Allen,1.94,2012
allento01,Tony Allen,2.54,2013
allento01,Tony Allen,2,2014
allento01,Tony Allen,2.51,2015
allento01,Tony Allen,1.56,2016
allento01,Tony Allen,1.47,2017
allento01,Tony Allen,0.24,2018
alstora01,Rafer Alston,0.07,2002
alstora01,Rafer Alston,0.08,2004
alstora01,Rafer Alston,0.55,2005
alstora01,Rafer Alston,0.43,2007
alstora01,Rafer Alston,0.42,2008
alvarjo01,Jose Alvarado,0.48,2024
alvarjo01,Jose Alvarado,0.31,2025
alvarjo01,Jose Alvarado,0.03,2026
aminual01,Al-Farouq Aminu,0.22,2012
aminual01,Al-Farouq Aminu,1.41,2013
aminual01,Al-Farouq Aminu,0.07,2014
aminual01,Al-Farouq Aminu,2.28,2015
aminual01,Al-Farouq Aminu,1.21,2016
aminual01,Al-Farouq Aminu,0.48,2017
aminual01,Al-Farouq Aminu,1.38,2018
aminual01,Al-Farouq Aminu,1.59,2019
aminual01,Al-Farouq Aminu,0.5,2020
aminual01,Al-Farouq Aminu,0.37,2021
aminual01,Al-Farouq Aminu,0.3,2022
anderch01,Chris Andersen,0.78,2005
anderch01,Chris Andersen,0.58,2006
anderch01,Chris Andersen,0.58,2008
anderch01,Chris Andersen,1.08,2009
anderch01,Chris Andersen,1.95,2010
anderch01,Chris Andersen,1.33,2011
anderch01,Chris Andersen,1.54,2012
anderch01,Chris Andersen,0.84,2013
anderch01,Chris Andersen,1.18,2014
anderch01,Chris Andersen,0.39,2015
anderde01,Derek Anderson,2.32,2001
anderde01,Derek Anderson,0.63,2002
anderde01,Derek Anderson,1.04,2003
anderde01,Derek Anderson,0.6,2004
anderke01,Kenny Anderson,0.42,2001
anderke01,Kenny Anderson,0.76,2002
anderky01,Kyle Anderson,0.41,2017
anderky01,Kyle Anderson,1.98,2018
anderky01,Kyle Anderson,0.75,2019
anderky01,Kyle Anderson,1.73,2021
anderky01,Kyle Anderson,0.64,2022
anderky01,Kyle Anderson,1.05,2023
anderry01,Ryan Anderson,0.43,2009
anderry01,Ryan Anderson,0.6,2010
anderry01,Ryan Anderson,1.23,2011
anderry01,Ryan Anderson,1.92,2012
anderry01,Ryan Anderson,0.95,2013
anderry01,Ryan Anderson,1.54,2014
anderry01,Ryan Anderson,1.19,2016
anderry01,Ryan Anderson,0.92,2017
anderry01,Ryan Anderson,0.57,2018
antetgi01,Giannis Antetokounmpo,0.25,2015
antetgi01,Giannis Antetokounmpo,1.46,2016
antetgi01,Giannis Antetokounmpo,3.72,2017
antetgi01,Giannis Antetokounmpo,4.07,2018
antetgi01,Giannis Antetokounmpo,6.39,2019
antetgi01,Giannis Antetokounmpo,6.78,2020
antetgi01,Giannis Antetokounmpo,7.31,2021
antetgi01,Giannis Antetokounmpo,7.16,2022
antetgi01,Giannis Antetokounmpo,6.55,2023
antetgi01,Giannis Antetokounmpo,6.27,2024
antetgi01,Giannis Antetokounmpo,6.8,2025
antetgi01,Giannis Antetokounmpo,5.11,2026
anthoca01,Carmelo Anthony,0.51,2005
anthoca01,Carmelo Anthony,1.37,2006
anthoca01,Carmelo Anthony,2.33,2007
anthoca01,Carmelo Anthony,2.32,2008
anthoca01,Carmelo Anthony,3.72,2009
anthoca01,Carmelo Anthony,3.34,2010
anthoca01,Carmelo Anthony,2.18,2011
anthoca01,Carmelo Anthony,2.03,2012
anthoca01,Carmelo Anthony,2.23,2013
anthoca01,Carmelo Anthony,2.9,2014
anthoca01,Carmelo Anthony,2.2,2015
anthoca01,Carmelo Anthony,2.15,2016
anthoca01,Carmelo Anthony,0.07,2017
anthoca01,Carmelo Anthony,0.13,2018
anthoco01,Cole Anthony,0.39,2025
anthojo01,Joel Anthony,0.09,2012
anticpe01,Pero Antić,0.04,2014
anunoog01,OG Anunoby,0.18,2018
anunoog01,OG Anunoby,0.87,2020
anunoog01,OG Anunoby,1.41,2021
anunoog01,OG Anunoby,0.95,2022
anunoog01,OG Anunoby,1.81,2023
anunoog01,OG Anunoby,2.88,2024
anunoog01,OG Anunoby,2.19,2025
anunoog01,OG Anunoby,3.51,2026
arenagi01,Gilbert Arenas,1.38,2002
arenagi01,Gilbert Arenas,1.09,2003
arenagi01,Gilbert Arenas,0.33,2004
arenagi01,Gilbert Arenas,2.48,2005
arenagi01,Gilbert Arenas,3.88,2006
arenagi01,Gilbert Arenas,4.02,2007
arenagi01,Gilbert Arenas,3.54,2008
arenagi01,Gilbert Arenas,2.68,2009
arenagi01,Gilbert Arenas,2.03,2010
arizatr01,Trevor Ariza,0.76,2005
arizatr01,Trevor Ariza,0.18,2006
arizatr01,Trevor Ariza,0.95,2007
arizatr01,Trevor Ariza,1.19,2008
arizatr01,Trevor Ariza,1.46,2009
arizatr01,Trevor Ariza,0.62,2010
arizatr01,Trevor Ariza,0.75,2011
arizatr01,Trevor Ariza,2.06,2014
arizatr01,Trevor Ariza,1.53,2015
arizatr01,Trevor Ariza,1.27,2016
arizatr01,Trevor Ariza,0.29,2017
arizatr01,Trevor Ariza,0.72,2018
arizatr01,Trevor Ariza,0.23,2021
armstda01,Darrell Armstrong,2.76,2001
armstda01,Darrell Armstrong,1.87,2002
armstda01,Darrell Armstrong,1.19,2003
armstda01,Darrell Armstrong,0.15,2004
artesro01,Metta World Peace,1.13,2002
artesro01,Metta World Peace,2.76,2003
artesro01,Metta World Peace,3.53,2004
artesro01,Metta World Peace,3.6,2005
artesro01,Metta World Peace,3.46,2006
artesro01,Metta World Peace,3.41,2007
artesro01,Metta World Peace,3.57,2008
artesro01,Metta World Peace,3.64,2009
artesro01,Metta World Peace,2.2,2010
artesro01,Metta World Peace,2.45,2011
artesro01,Metta World Peace,1.32,2012
artesro01,Metta World Peace,1.7,2013
artesro01,Metta World Peace,0.17,2014
arthuda01,Darrell Arthur,0.11,2016
asikom01,Ömer Aşık,0.64,2012
asikom01,Ömer Aşık,1.45,2013
asikom01,Ömer Aşık,0.59,2014
asikom01,Ömer Aşık,0.48,2015
augusdj01,D.J. Augustin,0.61,2009
avdijde01,Deni Avdija,0.39,2024
avdijde01,Deni Avdija,1.28,2025
avdijde01,Deni Avdija,0.94,2026
ayongu01,Gustavo Ayón,0.99,2012
ayongu01,Gustavo Ayón,0.02,2013
ayongu01,Gustavo Ayón,0.27,2014
aytonde01,Deandre Ayton,0.09,2020
aytonde01,Deandre Ayton,1.96,2021
aytonde01,Deandre Ayton,2.48,2022
aytonde01,Deandre Ayton,0.76,2023
aytonde01,Deandre Ayton,0.16,2026
bakerro01,Ron Baker,0.1,2018
balkmre01,Renaldo Balkman,1.61,2007
balkmre01,Renaldo Balkman,1.46,2008
balkmre01,Renaldo Balkman,1.5,2009
balkmre01,Renaldo Balkman,1.29,2010
balkmre01,Renaldo Balkman,0.55,2011
balkmre01,Renaldo Balkman,1.37,2012
ballla01,LaMelo Ball,0.11,2021
ballla01,LaMelo Ball,2,2022
ballla01,LaMelo Ball,1.09,2023
ballla01,LaMelo Ball,1.32,2024
ballla01,LaMelo Ball,0.62,2025
ballla01,LaMelo Ball,2.69,2026
balllo01,Lonzo Ball,0.35,2018
balllo01,Lonzo Ball,0.07,2020
balllo01,Lonzo Ball,0.11,2021
balllo01,Lonzo Ball,0.54,2022
balllo01,Lonzo Ball,0.6,2023
balllo01,Lonzo Ball,1.07,2024
balllo01,Lonzo Ball,1.47,2025
balllo01,Lonzo Ball,0.21,2026
banchpa01,Paolo Banchero,0.41,2024
banchpa01,Paolo Banchero,0.55,2025
banchpa01,Paolo Banchero,0.25,2026
banede01,Desmond Bane,2.02,2022
banede01,Desmond Bane,2.5,2023
banede01,Desmond Bane,1.58,2024
banede01,Desmond Bane,1.4,2025
banede01,Desmond Bane,0.74,2026
barbole01,Leandro Barbosa,0.4,2007
barbole01,Leandro Barbosa,0.27,2009
bareajo01,J.J. Barea,0.3,2011
bareajo01,J.J. Barea,0.22,2017
bareajo01,J.J. Barea,1.06,2018
bareajo01,J.J. Barea,1.31,2019
barneha02,Harrison Barnes,0.74,2015
barneha02,Harrison Barnes,0.23,2021
barneha02,Harrison Barnes,0.12,2023
barneha02,Harrison Barnes,0.44,2026
barnema02,Matt Barnes,0.25,2006
barnema02,Matt Barnes,0.36,2007
barnema02,Matt Barnes,1.12,2010
barnema02,Matt Barnes,0.2,2011
barnema02,Matt Barnes,0.44,2012
barnema02,Matt Barnes,1.13,2013
barnema02,Matt Barnes,0.23,2014
barnema02,Matt Barnes,0.7,2015
barnesc01,Scottie Barnes,0.28,2022
barnesc01,Scottie Barnes,0.46,2023
barnesc01,Scottie Barnes,0.87,2024
barnesc01,Scottie Barnes,0.7,2025
barnesc01,Scottie Barnes,2.88,2026
barrerj01,RJ Barrett,0.61,2026
barrybr01,Brent Barry,0.88,2001
barrybr01,Brent Barry,1.45,2002
barrybr01,Brent Barry,0.79,2003
barrybr01,Brent Barry,0.73,2004
barrybr01,Brent Barry,0.07,2006
barryjo01,Jon Barry,0.38,2001
barryjo01,Jon Barry,1.55,2002
barryjo01,Jon Barry,2.29,2003
barryjo01,Jon Barry,0.24,2004
barryjo01,Jon Barry,1.36,2005
barryjo01,Jon Barry,0.08,2006
bartowi01,Will Barton,0.04,2022
bassbr01,Brandon Bass,0.6,2016
bassech01,Charles Bassey,0.09,2024
bateske01,Keita Bates-Diop,0.14,2023
battish01,Shane Battier,0.62,2002
battish01,Shane Battier,2.36,2003
battish01,Shane Battier,2.93,2004
battish01,Shane Battier,3.1,2005
battish01,Shane Battier,3.98,2006
battish01,Shane Battier,2.6,2007
battish01,Shane Battier,3.28,2008
battish01,Shane Battier,2.79,2009
battish01,Shane Battier,1.11,2010
battish01,Shane Battier,1.46,2011
battish01,Shane Battier,0.57,2012
battish01,Shane Battier,0.43,2013
battito01,Tony Battie,0.09,2001
battito01,Tony Battie,1.39,2002
battito01,Tony Battie,1.35,2003
batumni01,Nicolas Batum,0.91,2009
batumni01,Nicolas Batum,1.74,2010
batumni01,Nicolas Batum,0.81,2011
batumni01,Nicolas Batum,0.62,2012
batumni01,Nicolas Batum,0.33,2013
batumni01,Nicolas Batum,0.96,2014
batumni01,Nicolas Batum,0.96,2015
batumni01,Nicolas Batum,1.3,2016
batumni01,Nicolas Batum,0.71,2017
batumni01,Nicolas Batum,0.44,2018
batumni01,Nicolas Batum,1.54,2021
batumni01,Nicolas Batum,0.6,2022
bazemke01,Kent Bazemore,0.06,2018
bazemke01,Kent Bazemore,0.9,2021
bealbr01,Bradley Beal,0.02,2014
bealbr01,Bradley Beal,0.22,2015
bealbr01,Bradley Beal,2.37,2017
bealbr01,Bradley Beal,2.21,2018
bealbr01,Bradley Beal,2.77,2019
bealbr01,Bradley Beal,2.43,2020
bealbr01,Bradley Beal,2.37,2021
bealbr01,Bradley Beal,1.32,2022
bealbr01,Bradley Beal,1.82,2023
bealbr01,Bradley Beal,0.48,2024
beaslma01,Malik Beasley,0.37,2024
beaubro01,Rodrigue Beaubois,0.14,2010
beaubro01,Rodrigue Beaubois,0.3,2012
belinma01,Marco Belinelli,0.5,2011
belljo01,Jordan Bell,0.21,2018
berinjo01,Joan Beringer,0.26,2026
bertada01,Dāvis Bertāns,0.18,2018
bertada01,Dāvis Bertāns,0.52,2019
bertada01,Dāvis Bertāns,1.09,2020
bertada01,Dāvis Bertāns,0.54,2021
bertada01,Dāvis Bertāns,0.26,2022
besttr01,Travis Best,1.94,2001
besttr01,Travis Best,0.86,2002
beverpa01,Patrick Beverley,1.49,2013
beverpa01,Patrick Beverley,0.49,2014
beverpa01,Patrick Beverley,0.21,2015
beverpa01,Patrick Beverley,1.31,2016
beverpa01,Patrick Beverley,1.43,2017
beverpa01,Patrick Beverley,1.01,2018
beverpa01,Patrick Beverley,1.29,2019
beverpa01,Patrick Beverley,1.55,2020
beverpa01,Patrick Beverley,1.74,2021
beverpa01,Patrick Beverley,1.83,2022
bibbymi01,Mike Bibby,0.38,2004
bibbymi01,Mike Bibby,0.22,2005
bibbymi01,Mike Bibby,0.25,2006
biedran01,Andris Biedriņš,0.16,2005
biedran01,Andris Biedriņš,0.96,2007
biedran01,Andris Biedriņš,1.66,2008
biedran01,Andris Biedriņš,1.87,2009
biedran01,Andris Biedriņš,0.47,2010
billuch01,Chauncey Billups,1.5,2003
billuch01,Chauncey Billups,0.81,2004
billuch01,Chauncey Billups,1.12,2005
billuch01,Chauncey Billups,2.03,2006
billuch01,Chauncey Billups,2.5,2007
billuch01,Chauncey Billups,2.96,2008
billuch01,Chauncey Billups,1.96,2009
billuch01,Chauncey Billups,1.41,2010
billuch01,Chauncey Billups,0.61,2011
billuch01,Chauncey Billups,0.17,2012
bitadgo01,Goga Bitadze,0.29,2024
bitadgo01,Goga Bitadze,1.39,2025
bitadgo01,Goga Bitadze,1.02,2026
biyombi01,Bismack Biyombo,0.47,2016
bjeline01,Nemanja Bjelica,1.07,2019
bjeline01,Nemanja Bjelica,0.71,2020
blackan01,Anthony Black,0.32,2026
blairde01,DeJuan Blair,0.02,2010
blakest01,Steve Blake,0.04,2008
blakest01,Steve Blake,1.52,2009
blatcan01,Andray Blatche,0.04,2013
blatcan01,Andray Blatche,0.51,2014
bledser01,Eric Bledsoe,0.57,2012
bledser01,Eric Bledsoe,1.67,2013
bledser01,Eric Bledsoe,2.13,2014
bledser01,Eric Bledsoe,2.36,2015
bledser01,Eric Bledsoe,2.25,2016
bledser01,Eric Bledsoe,2.45,2017
bledser01,Eric Bledsoe,3.59,2018
bledser01,Eric Bledsoe,3.78,2019
bledser01,Eric Bledsoe,3.42,2020
bledser01,Eric Bledsoe,0.18,2021
blounma01,Mark Blount,0.32,2004
boganke01,Keith Bogans,0.67,2008
boganke01,Keith Bogans,0.16,2009
boganke01,Keith Bogans,0.16,2011
bogdabo01,Bogdan Bogdanović,0.85,2021
bogdabo01,Bogdan Bogdanović,2.04,2022
bogdabo01,Bogdan Bogdanović,1.53,2023
bogdabo01,Bogdan Bogdanović,1.87,2024
bogdabo01,Bogdan Bogdanović,0.11,2025
bogdabo02,Bojan Bogdanović,0.42,2020
bogutan01,Andrew Bogut,0.55,2007
bogutan01,Andrew Bogut,0.59,2009
bogutan01,Andrew Bogut,2.63,2010
bogutan01,Andrew Bogut,1.95,2011
bogutan01,Andrew Bogut,0.57,2012
bogutan01,Andrew Bogut,0.76,2013
bogutan01,Andrew Bogut,2.46,2014
bogutan01,Andrew Bogut,2.34,2015
bogutan01,Andrew Bogut,2.29,2016
bolbo01,Bol Bol,0.13,2024
bolbo01,Bol Bol,0.41,2025
bolbo01,Bol Bol,0.45,2026
bongais01,Isaac Bonga,0.71,2020
bongais01,Isaac Bonga,0.05,2021
bonnema01,Matt Bonner,0.05,2007
bonnema01,Matt Bonner,1.99,2009
bonnema01,Matt Bonner,1.78,2010
bonnema01,Matt Bonner,1.62,2011
bonnema01,Matt Bonner,2.36,2012
bonnema01,Matt Bonner,0.77,2013
bonnema01,Matt Bonner,0.51,2014
bookede01,Devin Booker,0.15,2019
bookede01,Devin Booker,1.62,2020
bookede01,Devin Booker,2.87,2021
bookede01,Devin Booker,3.77,2022
bookede01,Devin Booker,3.33,2023
bookede01,Devin Booker,3.41,2024
bookede01,Devin Booker,1.65,2025
bookede01,Devin Booker,1.99,2026
booketr01,Trevor Booker,0.39,2015
booketr01,Trevor Booker,0.87,2016
boozeca01,Carlos Boozer,0.8,2004
boozeca01,Carlos Boozer,0.54,2006
boozeca01,Carlos Boozer,1.13,2007
boozeca01,Carlos Boozer,1.36,2008
boozeca01,Carlos Boozer,0.73,2010
boshch01,Chris Bosh,0.09,2005
boshch01,Chris Bosh,1.83,2006
boshch01,Chris Bosh,2.94,2007
boshch01,Chris Bosh,4.41,2008
boshch01,Chris Bosh,2.88,2009
boshch01,Chris Bosh,3.82,2010
boshch01,Chris Bosh,2.96,2011
boshch01,Chris Bosh,2.64,2012
boshch01,Chris Bosh,2.91,2013
boshch01,Chris Bosh,2.24,2014
boshch01,Chris Bosh,1.51,2015
boshch01,Chris Bosh,1.73,2016
boshch01,Chris Bosh,0.78,2017
bouchch01,Chris Boucher,1.46,2021
bouchch01,Chris Boucher,1.33,2022
bouchch01,Chris Boucher,0.81,2023
bouchch01,Chris Boucher,1.36,2024
bouchch01,Chris Boucher,1.73,2025
bowenbr01,Bruce Bowen,0.59,2002
bowenbr01,Bruce Bowen,1.15,2003
bowenbr01,Bruce Bowen,0.63,2004
bowenbr01,Bruce Bowen,0.56,2007
bowenry01,Ryan Bowen,2.18,2001
bowenry01,Ryan Bowen,1.93,2002
bowenry01,Ryan Bowen,2.39,2003
bowenry01,Ryan Bowen,1.16,2004
bowenry01,Ryan Bowen,0.38,2005
boykiea01,Earl Boykins,0.45,2001
bradlav01,Avery Bradley,0.53,2016
bradlav01,Avery Bradley,0.68,2017
bradlsh01,Shawn Bradley,3.53,2001
bradlsh01,Shawn Bradley,2.97,2002
bradlsh01,Shawn Bradley,2.77,2003
bradlsh01,Shawn Bradley,2.26,2004
bradlsh01,Shawn Bradley,2.03,2005
bradlto01,Tony Bradley,0.14,2022
bradlto01,Tony Bradley,0.3,2023
bradlto01,Tony Bradley,0.32,2025
brandel01,Elton Brand,1.81,2002
brandel01,Elton Brand,1.54,2003
brandel01,Elton Brand,0.99,2004
brandel01,Elton Brand,2.63,2005
brandel01,Elton Brand,3.74,2006
brandel01,Elton Brand,3.41,2007
brandel01,Elton Brand,2.39,2008
brandel01,Elton Brand,0.49,2009
brandel01,Elton Brand,0.14,2010
brandel01,Elton Brand,1.06,2011
brandel01,Elton Brand,1.02,2012
brandte01,Terrell Brandon,2.33,2001
brandte01,Terrell Brandon,2.41,2002
braunch01,Christian Braun,1.2,2025
braunch01,Christian Braun,0.58,2026
breweco01,Corey Brewer,0.43,2012
breweco01,Corey Brewer,0.74,2013
breweco01,Corey Brewer,1.71,2014
breweco01,Corey Brewer,1.04,2015
brewero02,Ronnie Brewer,0.7,2007
brewero02,Ronnie Brewer,1.69,2008
brewero02,Ronnie Brewer,0.48,2009
brewero02,Ronnie Brewer,1.23,2011
brewero02,Ronnie Brewer,0.56,2012
bridgmi01,Mikal Bridges,0.92,2019
bridgmi01,Mikal Bridges,1.67,2020
bridgmi01,Mikal Bridges,1.77,2021
bridgmi01,Mikal Bridges,1.21,2022
bridgmi01,Mikal Bridges,0.81,2023
bridgmi01,Mikal Bridges,0.01,2024
bridgmi01,Mikal Bridges,0.4,2026
bridgmi02,Miles Bridges,0.16,2021
bridgmi02,Miles Bridges,1.13,2022
bridgmi02,Miles Bridges,0.13,2026
brogdma01,Malcolm Brogdon,0.65,2017
brogdma01,Malcolm Brogdon,0.5,2019
brogdma01,Malcolm Brogdon,0.62,2020
brogdma01,Malcolm Brogdon,0.76,2021
brogdma01,Malcolm Brogdon,0.21,2022
brogdma01,Malcolm Brogdon,0.33,2023
brookdi01,Dillon Brooks,0.52,2021
brookdi01,Dillon Brooks,0.85,2022
brookdi01,Dillon Brooks,0.52,2023
brookma01,MarShon Brooks,0.56,2018
brownbr01,Bruce Brown,0.56,2021
brownbr01,Bruce Brown,0.79,2022
brownbr01,Bruce Brown,0.14,2023
brownde01,Dee Brown,0.07,2007
brownde03,Dee Brown,0.07,2007
brownja02,Jaylen Brown,0.57,2018
brownja02,Jaylen Brown,0.12,2019
brownja02,Jaylen Brown,1.25,2020
brownja02,Jaylen Brown,2.34,2021
brownja02,Jaylen Brown,3.77,2022
brownja02,Jaylen Brown,2.32,2023
brownja02,Jaylen Brown,2.65,2024
brownja02,Jaylen Brown,2.26,2025
brownja02,Jaylen Brown,1.79,2026
brownke01,Kedrick Brown,0.49,2002
brownke01,Kedrick Brown,0.13,2004
brownkw01,Kwame Brown,0.15,2007
brownpj01,P.J. Brown,2.67,2001
brownpj01,P.J. Brown,2.44,2002
brownpj01,P.J. Brown,1.28,2003
brownpj01,P.J. Brown,1.38,2004
brownpj01,P.J. Brown,0.31,2007
brunsja01,Jalen Brunson,0.99,2021
brunsja01,Jalen Brunson,1.24,2022
brunsja01,Jalen Brunson,2.05,2023
brunsja01,Jalen Brunson,3.62,2024
brunsja01,Jalen Brunson,2.97,2025
brunsja01,Jalen Brunson,3.29,2026
bryanko01,Kobe Bryant,3.16,2001
bryanko01,Kobe Bryant,3.03,2002
bryanko01,Kobe Bryant,3.84,2003
bryanko01,Kobe Bryant,3.27,2004
bryanko01,Kobe Bryant,3.08,2005
bryanko01,Kobe Bryant,3.69,2006
bryanko01,Kobe Bryant,3.64,2007
bryanko01,Kobe Bryant,5.03,2008
bryanko01,Kobe Bryant,4.86,2009
bryanko01,Kobe Bryant,4.91,2010
bryanko01,Kobe Bryant,3.73,2011
bryanko01,Kobe Bryant,2.73,2012
bryanko01,Kobe Bryant,2.35,2013
bryanko01,Kobe Bryant,1.26,2014
bryanth01,Thomas Bryant,0.55,2020
bryanth01,Thomas Bryant,0.22,2021
buckngr01,Greg Buckner,0.16,2003
buckngr01,Greg Buckner,0.08,2005
budinch01,Chase Budinger,0.08,2011
budinch01,Chase Budinger,0.45,2012
bullore01,Reggie Bullock,0.75,2022
burketr01,Trey Burke,0.01,2020
burksal01,Alec Burks,0.68,2021
burksal01,Alec Burks,0.96,2022
burksal01,Alec Burks,0.88,2023
burksal01,Alec Burks,0.05,2025
burresc01,Scott Burrell,0.62,2001
butleca01,Caron Butler,1.66,2008
butleca01,Caron Butler,0.03,2009
butleca01,Caron Butler,0.32,2010
butleca01,Caron Butler,0.91,2011
butleca01,Caron Butler,0.15,2012
butleji01,Jimmy Butler,2.2,2013
butleji01,Jimmy Butler,2.3,2014
butleji01,Jimmy Butler,3.06,2015
butleji01,Jimmy Butler,2.55,2016
butleji01,Jimmy Butler,3.39,2017
butleji01,Jimmy Butler,4.31,2018
butleji01,Jimmy Butler,3.23,2019
butleji01,Jimmy Butler,3.31,2020
butleji01,Jimmy Butler,3.67,2021
butleji01,Jimmy Butler,4.1,2022
butleji01,Jimmy Butler,3.57,2023
butleji01,Jimmy Butler,3.52,2024
butleji01,Jimmy Butler,2.51,2025
butleji01,Jimmy Butler,1.91,2026
butlera01,Rasual Butler,0.09,2006
bynuman01,Andrew Bynum,1.04,2008
bynuman01,Andrew Bynum,0.14,2010
bynuman01,Andrew Bynum,1.32,2011
bynuman01,Andrew Bynum,1.65,2012
bynuman01,Andrew Bynum,0.75,2013
bynumwi01,Will Bynum,0.55,2009
calatni01,Nick Calathes,0.26,2015
caldejo01,José Calderón,0.24,2007
caldwke01,Kentavious Caldwell-Pope,0.12,2015
caldwke01,Kentavious Caldwell-Pope,1.12,2016
caldwke01,Kentavious Caldwell-Pope,0.94,2018
caldwke01,Kentavious Caldwell-Pope,0.36,2021
caldwke01,Kentavious Caldwell-Pope,1.59,2023
caldwke01,Kentavious Caldwell-Pope,1.9,2024
caldwke01,Kentavious Caldwell-Pope,1.61,2025
camarto01,Toumani Camara,0.79,2025
camarto01,Toumani Camara,0.64,2026
cambyma01,Marcus Camby,0.42,2001
cambyma01,Marcus Camby,1.39,2004
cambyma01,Marcus Camby,1.83,2005
cambyma01,Marcus Camby,1.43,2006
cambyma01,Marcus Camby,1.6,2007
cambyma01,Marcus Camby,0.65,2008
cambyma01,Marcus Camby,0.58,2009
cambyma01,Marcus Camby,1.6,2010
cambyma01,Marcus Camby,0.61,2011
cambyma01,Marcus Camby,0.26,2012
capelca01,Clint Capela,1.52,2016
capelca01,Clint Capela,1.09,2017
capelca01,Clint Capela,1.78,2018
capelca01,Clint Capela,1.17,2019
capelca01,Clint Capela,0.74,2020
capelca01,Clint Capela,2.32,2021
capelca01,Clint Capela,1.91,2022
capelca01,Clint Capela,1.07,2023
capelca01,Clint Capela,1.08,2024
capelca01,Clint Capela,0.36,2025
capelca01,Clint Capela,0.95,2026
cardibr01,Brian Cardinal,1.77,2004
cardibr01,Brian Cardinal,1.07,2005
cardibr01,Brian Cardinal,1.08,2006
cardibr01,Brian Cardinal,1.3,2007
cardibr01,Brian Cardinal,1.01,2008
cardibr01,Brian Cardinal,0.57,2009
carrode01,DeMarre Carroll,0.88,2013
carrode01,DeMarre Carroll,1.38,2014
carrode01,DeMarre Carroll,1.95,2015
carrode01,DeMarre Carroll,1.44,2016
carrode01,DeMarre Carroll,1.26,2017
carrode01,DeMarre Carroll,0.46,2018
carroma01,Matt Carroll,0.74,2006
carteje01,Jevon Carter,0.89,2020
carteje01,Jevon Carter,0.52,2021
carteje01,Jevon Carter,0.36,2023
carteje01,Jevon Carter,0.04,2025
cartemi01,Michael Carter-Williams,0.45,2015
cartemi01,Michael Carter-Williams,0.88,2020
cartemi01,Michael Carter-Williams,0.68,2021
cartemi01,Michael Carter-Williams,0.42,2022
cartevi01,Vince Carter,5.07,2001
cartevi01,Vince Carter,3.18,2002
cartevi01,Vince Carter,3.77,2003
cartevi01,Vince Carter,3.8,2004
cartevi01,Vince Carter,4.14,2005
cartevi01,Vince Carter,3.69,2006
cartevi01,Vince Carter,3.41,2007
cartevi01,Vince Carter,3.03,2008
cartevi01,Vince Carter,2.08,2009
cartevi01,Vince Carter,3.11,2010
cartevi01,Vince Carter,0.72,2011
cartevi01,Vince Carter,1.4,2012
cartevi01,Vince Carter,1.88,2013
cartevi01,Vince Carter,1.32,2014
cartewe01,Wendell Carter Jr.,0.4,2022
cartewe01,Wendell Carter Jr.,0.19,2023
cartewe01,Wendell Carter Jr.,0.71,2024
cartewe01,Wendell Carter Jr.,0.41,2025
cartewe01,Wendell Carter Jr.,0.63,2026
carusal01,Alex Caruso,0.92,2020
carusal01,Alex Caruso,0.35,2021
carusal01,Alex Caruso,0.66,2022
carusal01,Alex Caruso,1.18,2023
carusal01,Alex Caruso,1.86,2024
carusal01,Alex Caruso,2.5,2025
carusal01,Alex Caruso,2.5,2026
cassesa01,Sam Cassell,1.31,2001
cassesa01,Sam Cassell,1.59,2002
cassesa01,Sam Cassell,0.57,2003
cassesa01,Sam Cassell,2.05,2004
cassesa01,Sam Cassell,1.48,2005
cassesa01,Sam Cassell,0.58,2006
casspom01,Omri Casspi,0.08,2016
castlst01,Stephon Castle,1.5,2026
catoke01,Kelvin Cato,0.2,2003
catoke01,Kelvin Cato,0.34,2004
catoke01,Kelvin Cato,0.96,2005
caulewi01,Willie Cauley-Stein,1.3,2019
caulewi01,Willie Cauley-Stein,0.8,2020
caulewi01,Willie Cauley-Stein,1.33,2021
caulewi01,Willie Cauley-Stein,1.33,2022
caulewi01,Willie Cauley-Stein,0.85,2023
chalmma01,Mario Chalmers,1.03,2009
chalmma01,Mario Chalmers,0.54,2011
chalmma01,Mario Chalmers,1.12,2012
chalmma01,Mario Chalmers,0.66,2013
chalmma01,Mario Chalmers,0.96,2014
chalmma01,Mario Chalmers,0.13,2015
chalmma01,Mario Chalmers,0.42,2016
champju01,Justin Champagnie,0.7,2026
champju02,Julian Champagnie,1.68,2026
chandty01,Tyson Chandler,1.02,2005
chandty01,Tyson Chandler,1.27,2006
chandty01,Tyson Chandler,1.21,2007
chandty01,Tyson Chandler,2.88,2008
chandty01,Tyson Chandler,1.45,2009
chandty01,Tyson Chandler,0.58,2010
chandty01,Tyson Chandler,3.04,2011
chandty01,Tyson Chandler,2.13,2012
chandty01,Tyson Chandler,2.33,2013
chandty01,Tyson Chandler,1.87,2014
chandty01,Tyson Chandler,2.6,2015
chandwi01,Wilson Chandler,0.76,2011
chandwi01,Wilson Chandler,0.36,2012
chandwi01,Wilson Chandler,0.71,2013
childjo01,Josh Childress,0.34,2006
childjo01,Josh Childress,0.31,2007
childjo01,Josh Childress,0.16,2008
chrisdo01,Doug Christie,0.64,2001
chrisdo01,Doug Christie,1.67,2002
chrisdo01,Doug Christie,2.05,2003
chrisdo01,Doug Christie,1.25,2004
clarkbr01,Brandon Clarke,0.04,2020
clarkbr01,Brandon Clarke,1.06,2021
clarkbr01,Brandon Clarke,1.48,2022
clarkbr01,Brandon Clarke,1.09,2023
clarkbr01,Brandon Clarke,0.84,2024
clarkbr01,Brandon Clarke,1.89,2025
clarkbr01,Brandon Clarke,1.17,2026
clarkjo01,Jordan Clarkson,0.18,2020
clarkjo01,Jordan Clarkson,0.35,2021
clarkjo01,Jordan Clarkson,1.46,2022
clarkjo01,Jordan Clarkson,0.43,2023
clarkke01,Keon Clark,0.29,2003
claxtni01,Nic Claxton,0.14,2021
claxtni01,Nic Claxton,0.98,2022
claxtni01,Nic Claxton,2.02,2023
claxtni01,Nic Claxton,0.6,2024
claxtsp01,Speedy Claxton,1.91,2004
claxtsp01,Speedy Claxton,1.33,2005
claxtsp01,Speedy Claxton,1.35,2006
clingdo01,Donovan Clingan,0.93,2026
colemde01,Derrick Coleman,1.5,2003
colemde01,Derrick Coleman,0.1,2004
collida01,Darren Collison,1.09,2015
collida01,Darren Collison,0.82,2018
collida01,Darren Collison,0.79,2019
collija04,Jason Collins,0.33,2002
collija04,Jason Collins,0.96,2003
collija04,Jason Collins,1.36,2004
collija04,Jason Collins,1.18,2005
collija04,Jason Collins,0.45,2006
collija04,Jason Collins,0.54,2007
collijo01,John Collins,1.3,2021
collijo01,John Collins,0.44,2022
collijo01,John Collins,0.59,2023
collijo01,John Collins,0.26,2025
collijo01,John Collins,0.36,2026
collini01,Nick Collison,0.54,2009
collini01,Nick Collison,2.27,2010
collini01,Nick Collison,2.96,2011
collini01,Nick Collison,3.55,2012
collini01,Nick Collison,3.42,2013
collini01,Nick Collison,2.79,2014
collini01,Nick Collison,1.47,2015
conlemi01,Mike Conley,0.61,2009
conlemi01,Mike Conley,0.75,2010
conlemi01,Mike Conley,1.95,2011
conlemi01,Mike Conley,3.2,2012
conlemi01,Mike Conley,4.23,2013
conlemi01,Mike Conley,3.86,2014
conlemi01,Mike Conley,3.2,2015
conlemi01,Mike Conley,2.96,2016
conlemi01,Mike Conley,4.73,2017
conlemi01,Mike Conley,3.53,2018
conlemi01,Mike Conley,4.07,2019
conlemi01,Mike Conley,0.78,2020
conlemi01,Mike Conley,3.43,2021
conlemi01,Mike Conley,2.39,2022
conlemi01,Mike Conley,0.89,2023
conlemi01,Mike Conley,0.65,2024
cookbr01,Brian Cook,0.96,2006
cookbr01,Brian Cook,0.81,2007
copelch01,Chris Copeland,0.06,2013
copelch01,Chris Copeland,0.22,2014
couside01,DeMarcus Cousins,0.94,2014
couside01,DeMarcus Cousins,1.41,2015
couside01,DeMarcus Cousins,2.25,2016
couside01,DeMarcus Cousins,2.56,2017
couside01,DeMarcus Cousins,3.09,2018
couside01,DeMarcus Cousins,1.51,2019
couside01,DeMarcus Cousins,0.31,2020
couside01,DeMarcus Cousins,0.29,2022
covinro01,Robert Covington,1.84,2015
covinro01,Robert Covington,1.47,2016
covinro01,Robert Covington,2.07,2017
covinro01,Robert Covington,3.04,2018
covinro01,Robert Covington,2.1,2019
covinro01,Robert Covington,2.29,2020
covinro01,Robert Covington,1.81,2021
covinro01,Robert Covington,2.42,2022
covinro01,Robert Covington,1.84,2023
covinro01,Robert Covington,0.58,2024
crabbal01,Allen Crabbe,0.18,2019
crowdja01,Jae Crowder,1.3,2014
crowdja01,Jae Crowder,1.45,2015
crowdja01,Jae Crowder,1.96,2016
crowdja01,Jae Crowder,1.89,2017
crowdja01,Jae Crowder,0.7,2019
crowdja01,Jae Crowder,0.41,2020
crowdja01,Jae Crowder,1.33,2021
crowdja01,Jae Crowder,1.54,2022
crowdja01,Jae Crowder,0.28,2023
cunnica01,Cade Cunningham,0.24,2024
cunnica01,Cade Cunningham,1.43,2025
cunnica01,Cade Cunningham,3.58,2026
curryse01,Seth Curry,0.76,2017
curryse01,Seth Curry,0.51,2018
curryse01,Seth Curry,0.19,2021
curryse01,Seth Curry,0.23,2022
curryst01,Stephen Curry,0.55,2010
curryst01,Stephen Curry,1.75,2011
curryst01,Stephen Curry,2.65,2012
curryst01,Stephen Curry,3.86,2013
curryst01,Stephen Curry,5.8,2014
curryst01,Stephen Curry,7.08,2015
curryst01,Stephen Curry,7.65,2016
curryst01,Stephen Curry,8.02,2017
curryst01,Stephen Curry,7.15,2018
curryst01,Stephen Curry,5.82,2019
curryst01,Stephen Curry,5.46,2020
curryst01,Stephen Curry,4.59,2021
curryst01,Stephen Curry,4.84,2022
curryst01,Stephen Curry,4.71,2023
curryst01,Stephen Curry,3.08,2024
curryst01,Stephen Curry,3.97,2025
curryst01,Stephen Curry,1.97,2026
dalemsa01,Samuel Dalembert,0.39,2008
dalemsa01,Samuel Dalembert,0.67,2009
dalemsa01,Samuel Dalembert,0.15,2010
dampier01,Erick Dampier,0.5,2004
dampier01,Erick Dampier,0.82,2005
dampier01,Erick Dampier,0.78,2006
dampier01,Erick Dampier,1.11,2007
dampier01,Erick Dampier,0.2,2008
dampier01,Erick Dampier,0.53,2010
daniean01,Antonio Daniels,0.39,2004
daniedy01,Dyson Daniels,0.16,2024
daniedy01,Dyson Daniels,0.41,2025
daniedy01,Dyson Daniels,0.74,2026
davisan01,Antonio Davis,1.11,2001
davisan02,Anthony Davis,1.18,2013
davisan02,Anthony Davis,2.11,2014
davisan02,Anthony Davis,4.14,2015
davisan02,Anthony Davis,2.31,2016
davisan02,Anthony Davis,3.06,2017
davisan02,Anthony Davis,3.66,2018
davisan02,Anthony Davis,3.73,2019
davisan02,Anthony Davis,4.24,2020
davisan02,Anthony Davis,3.77,2021
davisan02,Anthony Davis,2.24,2022
davisan02,Anthony Davis,4.04,2023
davisan02,Anthony Davis,4,2024
davisan02,Anthony Davis,3.6,2025
davisan02,Anthony Davis,1.59,2026
davisba01,Baron Davis,2.95,2001
davisba01,Baron Davis,2.67,2002
davisba01,Baron Davis,2.65,2003
davisba01,Baron Davis,3.9,2004
davisba01,Baron Davis,3.66,2005
davisba01,Baron Davis,3.83,2006
davisba01,Baron Davis,5.2,2007
davisba01,Baron Davis,4.63,2008
davisba01,Baron Davis,1.87,2009
davisba01,Baron Davis,2.72,2010
davisba01,Baron Davis,3.46,2011
davisba01,Baron Davis,0.63,2012
davisda01,Dale Davis,0.62,2002
davisda01,Dale Davis,0.86,2003
davisda01,Dale Davis,0.16,2005
davised01,Ed Davis,0.78,2016
davised01,Ed Davis,1,2019
davisjd01,JD Davison,0.24,2024
daviste02,Terence Davis,0.14,2022
daviste02,Terence Davis,0.18,2023
dayto01,Todd Day,0.27,2001
declean01,Andrew DeClercq,1.9,2001
declean01,Andrew DeClercq,1.23,2002
declean01,Andrew DeClercq,0.96,2003
declean01,Andrew DeClercq,0.8,2004
declean01,Andrew DeClercq,0.51,2005
dedmode01,Dewayne Dedmon,0.26,2017
dedmode01,Dewayne Dedmon,0.58,2018
dedmode01,Dewayne Dedmon,0.93,2019
dedmode01,Dewayne Dedmon,0.24,2020
dedmode01,Dewayne Dedmon,1.11,2021
delfica01,Carlos Delfino,0.33,2013
dellama01,Matthew Dellavedova,0.14,2014
denglu01,Luol Deng,0.33,2005
denglu01,Luol Deng,0.84,2006
denglu01,Luol Deng,2.27,2007
denglu01,Luol Deng,0.78,2008
denglu01,Luol Deng,0.21,2009
denglu01,Luol Deng,1.41,2010
denglu01,Luol Deng,2.7,2011
denglu01,Luol Deng,2.58,2012
denglu01,Luol Deng,1.71,2013
denglu01,Luol Deng,0.86,2014
denglu01,Luol Deng,1.1,2015
denglu01,Luol Deng,0.94,2016
denglu01,Luol Deng,0.24,2019
derozde01,DeMar DeRozan,0.3,2018
derozde01,DeMar DeRozan,0.41,2022
derozde01,DeMar DeRozan,0.88,2023
derozde01,DeMar DeRozan,0.74,2024
derozde01,DeMar DeRozan,0.45,2025
diabamo01,Moussa Diabaté,0.58,2025
diabamo01,Moussa Diabaté,1.06,2026
diawbo01,Boris Diaw,1.37,2006
diawbo01,Boris Diaw,0.09,2009
diawbo01,Boris Diaw,0.65,2010
diawbo01,Boris Diaw,0.17,2011
diawbo01,Boris Diaw,0.1,2012
dienggo01,Gorgui Dieng,0.44,2016
dienggo01,Gorgui Dieng,1.36,2017
dinwisp01,Spencer Dinwiddie,0.76,2017
dinwisp01,Spencer Dinwiddie,1.16,2018
dinwisp01,Spencer Dinwiddie,0.87,2020
dinwisp01,Spencer Dinwiddie,0.54,2021
dinwisp01,Spencer Dinwiddie,0.49,2022
dinwisp01,Spencer Dinwiddie,0.86,2023
dinwisp01,Spencer Dinwiddie,0.18,2024
diopde01,DeSagana Diop,0.59,2006
diopde01,DeSagana Diop,0.54,2007
diopde01,DeSagana Diop,0.33,2008
divacvl01,Vlade Divac,2.9,2001
divacvl01,Vlade Divac,3.63,2002
divacvl01,Vlade Divac,3.72,2003
divacvl01,Vlade Divac,2.44,2004
divindo01,Donte DiVincenzo,0.65,2020
divindo01,Donte DiVincenzo,0.49,2021
divindo01,Donte DiVincenzo,0.11,2023
divindo01,Donte DiVincenzo,1.13,2024
divindo01,Donte DiVincenzo,0.35,2025
divindo01,Donte DiVincenzo,1.36,2026
doncilu01,Luka Dončić,1.89,2019
doncilu01,Luka Dončić,3.34,2020
doncilu01,Luka Dončić,2.86,2021
doncilu01,Luka Dončić,3.28,2022
doncilu01,Luka Dončić,3.58,2023
doncilu01,Luka Dončić,4.77,2024
doncilu01,Luka Dončić,5.66,2025
doncilu01,Luka Dončić,4.41,2026
dortlu01,Luguentz Dort,0.2,2024
dortlu01,Luguentz Dort,1.22,2025
dortlu01,Luguentz Dort,0.15,2026
douglto01,Toney Douglas,0.54,2011
dragigo01,Goran Dragić,0.06,2010
dragigo01,Goran Dragić,1.37,2012
dragigo01,Goran Dragić,1.26,2013
dragigo01,Goran Dragić,2.83,2014
dragigo01,Goran Dragić,0.48,2015
dragigo01,Goran Dragić,1.07,2016
dragigo01,Goran Dragić,1.51,2017
dragigo01,Goran Dragić,1.15,2018
dragigo01,Goran Dragić,0.68,2019
dragigo01,Goran Dragić,1.02,2020
drumman01,Andre Drummond,0.34,2013
drumman01,Andre Drummond,0.46,2014
drumman01,Andre Drummond,0.31,2015
drumman01,Andre Drummond,0.34,2016
drumman01,Andre Drummond,0.03,2018
drumman01,Andre Drummond,0.46,2019
drumman01,Andre Drummond,0.55,2021
drumman01,Andre Drummond,0.26,2022
drumman01,Andre Drummond,0.71,2023
drumman01,Andre Drummond,0.86,2024
dudleja01,Jared Dudley,0.64,2008
dudleja01,Jared Dudley,1.07,2009
dudleja01,Jared Dudley,1.87,2010
dudleja01,Jared Dudley,1.59,2011
dudleja01,Jared Dudley,1.71,2012
dudleja01,Jared Dudley,1.19,2013
dudleja01,Jared Dudley,0.58,2014
dudleja01,Jared Dudley,1.68,2015
dudleja01,Jared Dudley,1.42,2016
dudleja01,Jared Dudley,0.92,2017
dudleja01,Jared Dudley,1.01,2018
dudleja01,Jared Dudley,0.12,2019
duhonch01,Chris Duhon,1.13,2005
duncati01,Tim Duncan,7.63,2001
duncati01,Tim Duncan,8.71,2002
duncati01,Tim Duncan,9.8,2003
duncati01,Tim Duncan,9.77,2004
duncati01,Tim Duncan,9.8,2005
duncati01,Tim Duncan,8.87,2006
duncati01,Tim Duncan,9.92,2007
duncati01,Tim Duncan,7.94,2008
duncati01,Tim Duncan,6.97,2009
duncati01,Tim Duncan,6.36,2010
duncati01,Tim Duncan,6.3,2011
duncati01,Tim Duncan,6.35,2012
duncati01,Tim Duncan,5.92,2013
duncati01,Tim Duncan,4.32,2014
duncati01,Tim Duncan,3.75,2015
duncati01,Tim Duncan,3.11,2016
dunlemi02,Mike Dunleavy,0.61,2005
dunlemi02,Mike Dunleavy,0.05,2006
dunlemi02,Mike Dunleavy,0.94,2008
dunlemi02,Mike Dunleavy,0.45,2009
dunlemi02,Mike Dunleavy,0.14,2010
dunlemi02,Mike Dunleavy,1.39,2011
dunlemi02,Mike Dunleavy,1.22,2012
dunlemi02,Mike Dunleavy,0.74,2013
dunlemi02,Mike Dunleavy,0.88,2014
dunlemi02,Mike Dunleavy,0.67,2015
dunnkr01,Kris Dunn,1.62,2025
dunnkr01,Kris Dunn,0.34,2026
duranke01,Kevin Durant,3.76,2010
duranke01,Kevin Durant,3.55,2011
duranke01,Kevin Durant,4.82,2012
duranke01,Kevin Durant,5.81,2013
duranke01,Kevin Durant,6.37,2014
duranke01,Kevin Durant,6.61,2015
duranke01,Kevin Durant,6.34,2016
duranke01,Kevin Durant,5.84,2017
duranke01,Kevin Durant,4.99,2018
duranke01,Kevin Durant,4.53,2019
duranke01,Kevin Durant,3.06,2020
duranke01,Kevin Durant,5.75,2021
duranke01,Kevin Durant,4.94,2022
duranke01,Kevin Durant,5.02,2023
duranke01,Kevin Durant,4.56,2024
duranke01,Kevin Durant,2.18,2025
duranke01,Kevin Durant,3.22,2026
durenja01,Jalen Duren,1.08,2025
durenja01,Jalen Duren,1.69,2026
easonta01,Tari Eason,1.68,2025
easonta01,Tari Eason,0.62,2026
edeyza01,Zach Edey,0.01,2026
edwaran01,Anthony Edwards,0.72,2021
edwaran01,Anthony Edwards,2.26,2022
edwaran01,Anthony Edwards,3.07,2023
edwaran01,Anthony Edwards,3.59,2024
edwaran01,Anthony Edwards,4.23,2025
edwaran01,Anthony Edwards,3.59,2026
ellinwa01,Wayne Ellington,0.19,2018
ellinwa01,Wayne Ellington,0.06,2019
elliose01,Sean Elliott,0.1,2001
elliske01,Keon Ellis,0.87,2024
elliske01,Keon Ellis,1.03,2025
elliske01,Keon Ellis,0.78,2026
ellismo01,Monta Ellis,0.42,2008
ellismo01,Monta Ellis,0.02,2013
ellismo01,Monta Ellis,0.41,2016
embiijo01,Joel Embiid,2.58,2017
embiijo01,Joel Embiid,2.99,2018
embiijo01,Joel Embiid,5.09,2019
embiijo01,Joel Embiid,3.56,2020
embiijo01,Joel Embiid,5.98,2021
embiijo01,Joel Embiid,6.29,2022
embiijo01,Joel Embiid,6.32,2023
embiijo01,Joel Embiid,6.17,2024
embiijo01,Joel Embiid,3.43,2025
embiijo01,Joel Embiid,2.58,2026
ennisja01,James Ennis III,0.04,2015
ennisja01,James Ennis III,0.38,2016
ennisja01,James Ennis III,0.07,2017
ennisja01,James Ennis III,0.08,2021
evansje01,Jeremy Evans,0.32,2011
evansje01,Jeremy Evans,0.7,2012
evansje01,Jeremy Evans,1.22,2013
evansje01,Jeremy Evans,0.86,2015
evansje01,Jeremy Evans,0.41,2016
evansje01,Jeremy Evans,0.15,2018
evansty01,Tyreke Evans,0.37,2013
evansty01,Tyreke Evans,1.12,2015
evansty01,Tyreke Evans,0.65,2016
evansty01,Tyreke Evans,1.63,2018
exumda01,Danté Exum,0.01,2025
farieke01,Kenneth Faried,0.83,2013
farieke01,Kenneth Faried,0.1,2017
farieke01,Kenneth Faried,0.56,2019
favorde01,Derrick Favors,0.13,2013
favorde01,Derrick Favors,1.17,2015
favorde01,Derrick Favors,1.81,2016
favorde01,Derrick Favors,0.84,2017
favorde01,Derrick Favors,1.66,2018
favorde01,Derrick Favors,1.42,2019
favorde01,Derrick Favors,1.92,2020
favorde01,Derrick Favors,0.21,2021
feltora01,Raymond Felton,0.04,2006
feltora01,Raymond Felton,0.35,2007
feltora01,Raymond Felton,0.76,2009
feltora01,Raymond Felton,0.87,2010
feltora01,Raymond Felton,0.58,2011
feltora01,Raymond Felton,1.42,2012
feltora01,Raymond Felton,1.32,2013
feltora01,Raymond Felton,1.06,2014
fernaru01,Rudy Fernández,1.05,2009
fernaru01,Rudy Fernández,0.08,2010
fesenky01,Kyrylo Fesenko,0.13,2009
fieldla01,Landry Fields,0.6,2012
filipky01,Kyle Filipowski,0.41,2026
finlemi01,Michael Finley,1.29,2001
finlemi01,Michael Finley,1,2002
finlemi01,Michael Finley,1.91,2003
finlemi01,Michael Finley,0.88,2004
finlemi01,Michael Finley,0.67,2005
finnedo01,Dorian Finney-Smith,0.33,2020
finnedo01,Dorian Finney-Smith,0.66,2021
finnedo01,Dorian Finney-Smith,1.29,2022
finnedo01,Dorian Finney-Smith,0.4,2023
finnedo01,Dorian Finney-Smith,0.09,2024
finnedo01,Dorian Finney-Smith,1.03,2025
fishede01,Derek Fisher,2.82,2001
fishede01,Derek Fisher,2.34,2002
fishede01,Derek Fisher,1.86,2003
fishede01,Derek Fisher,1.91,2004
fishede01,Derek Fisher,0.46,2005
fishede01,Derek Fisher,1.18,2006
fishede01,Derek Fisher,1.56,2007
fishede01,Derek Fisher,2.08,2008
fishede01,Derek Fisher,1.67,2009
fishede01,Derek Fisher,0.99,2010
fishede01,Derek Fisher,0.85,2011
fordtj01,T.J. Ford,0.92,2006
fordtj01,T.J. Ford,0.85,2007
fordtj01,T.J. Ford,1.05,2008
fordtj01,T.J. Ford,0.72,2009
fortsda01,Danny Fortson,0.06,2001
fortsda01,Danny Fortson,0.2,2005
fortsda01,Danny Fortson,0.26,2006
fosteje01,Jeff Foster,0.17,2001
fosteje01,Jeff Foster,1.07,2002
fosteje01,Jeff Foster,0.33,2003
fosteje01,Jeff Foster,2.77,2004
fosteje01,Jeff Foster,2.57,2005
fosteje01,Jeff Foster,2.8,2006
fosteje01,Jeff Foster,2.3,2007
fosteje01,Jeff Foster,2.49,2008
fosteje01,Jeff Foster,2.41,2009
fosteje01,Jeff Foster,1.45,2010
fosteje01,Jeff Foster,1.7,2011
fosteje01,Jeff Foster,1.3,2012
fournev01,Evan Fournier,0.07,2020
fournev01,Evan Fournier,0.29,2021
foxde01,De'Aaron Fox,0.35,2019
foxde01,De'Aaron Fox,0.72,2020
foxde01,De'Aaron Fox,0.76,2021
foxde01,De'Aaron Fox,2.41,2023
foxde01,De'Aaron Fox,3.26,2024
foxde01,De'Aaron Fox,0.16,2025
foxde01,De'Aaron Fox,2.41,2026
foxri01,Rick Fox,1.17,2001
frahmri01,Richie Frahm,0.35,2004
frahmri01,Richie Frahm,0.36,2005
francst01,Steve Francis,3.68,2001
francst01,Steve Francis,2.52,2002
francst01,Steve Francis,3.17,2003
francst01,Steve Francis,3.59,2004
francst01,Steve Francis,2.64,2005
francst01,Steve Francis,0.52,2007
fryech01,Channing Frye,0.62,2010
fryech01,Channing Frye,1.11,2011
fryech01,Channing Frye,1.19,2012
fryech01,Channing Frye,1.78,2013
fryech01,Channing Frye,1.72,2014
fryech01,Channing Frye,1.03,2016
gadzuda01,Dan Gadzuric,0.51,2005
gaffoda01,Daniel Gafford,1.68,2021
gaffoda01,Daniel Gafford,0.2,2022
gaffoda01,Daniel Gafford,0.78,2024
gaffoda01,Daniel Gafford,0.58,2025
gallida01,Danilo Gallinari,0.8,2010
gallida01,Danilo Gallinari,0.61,2011
gallida01,Danilo Gallinari,0.93,2012
gallida01,Danilo Gallinari,2.36,2013
gallida01,Danilo Gallinari,2.01,2014
gallida01,Danilo Gallinari,1.97,2015
gallida01,Danilo Gallinari,1.16,2016
gallida01,Danilo Gallinari,2.91,2017
gallida01,Danilo Gallinari,0.96,2018
gallida01,Danilo Gallinari,1.32,2019
gallida01,Danilo Gallinari,1.98,2020
garbajo01,Jorge Garbajosa,0.6,2007
garbajo01,Jorge Garbajosa,0.11,2008
garcifr01,Francisco García,0.76,2008
garcifr01,Francisco García,0.3,2013
garlada01,Darius Garland,1.47,2022
garlada01,Darius Garland,2.07,2023
garlada01,Darius Garland,0.73,2024
garlada01,Darius Garland,2.16,2025
garlada01,Darius Garland,1,2026
garneke01,Kevin Garnett,5.14,2001
garneke01,Kevin Garnett,5.77,2002
garneke01,Kevin Garnett,8.16,2003
garneke01,Kevin Garnett,9.94,2004
garneke01,Kevin Garnett,8.3,2005
garneke01,Kevin Garnett,7.46,2006
garneke01,Kevin Garnett,7.13,2007
garneke01,Kevin Garnett,7.59,2008
garneke01,Kevin Garnett,6.56,2009
garneke01,Kevin Garnett,5.11,2010
garneke01,Kevin Garnett,5.93,2011
garneke01,Kevin Garnett,5.61,2012
garneke01,Kevin Garnett,3.8,2013
garneke01,Kevin Garnett,0.92,2014
garneke01,Kevin Garnett,0.14,2015
garneke01,Kevin Garnett,0.06,2016
garripa01,Pat Garrity,0.17,2002
garubus01,Usman Garuba,0.22,2023
garzalu01,Luka Garza,0.81,2026
gasolma01,Marc Gasol,1.78,2010
gasolma01,Marc Gasol,2.6,2011
gasolma01,Marc Gasol,2.61,2012
gasolma01,Marc Gasol,3.37,2013
gasolma01,Marc Gasol,2.19,2014
gasolma01,Marc Gasol,2.3,2015
gasolma01,Marc Gasol,1.49,2016
gasolma01,Marc Gasol,1.78,2017
gasolma01,Marc Gasol,0.46,2018
gasolma01,Marc Gasol,2.34,2019
gasolma01,Marc Gasol,1.37,2020
gasolpa01,Pau Gasol,1.74,2002
gasolpa01,Pau Gasol,1.05,2003
gasolpa01,Pau Gasol,1.54,2004
gasolpa01,Pau Gasol,2.27,2005
gasolpa01,Pau Gasol,3.01,2006
gasolpa01,Pau Gasol,2.04,2007
gasolpa01,Pau Gasol,2.52,2008
gasolpa01,Pau Gasol,2.76,2009
gasolpa01,Pau Gasol,2.09,2010
gasolpa01,Pau Gasol,2.59,2011
gasolpa01,Pau Gasol,1.9,2012
gasolpa01,Pau Gasol,0.9,2013
gayru01,Rudy Gay,0.79,2008
gayru01,Rudy Gay,0.06,2010
gayru01,Rudy Gay,2.09,2011
gayru01,Rudy Gay,2.39,2012
gayru01,Rudy Gay,2.05,2013
gayru01,Rudy Gay,1.52,2014
gayru01,Rudy Gay,1.11,2015
gayru01,Rudy Gay,0.37,2016
gayru01,Rudy Gay,1.04,2017
gayru01,Rudy Gay,0.49,2018
gayru01,Rudy Gay,0.23,2019
gayru01,Rudy Gay,0.1,2021
georgde01,Devean George,0.33,2002
georgde01,Devean George,0.51,2003
georgde01,Devean George,1.09,2004
georgde01,Devean George,0.24,2005
georgde01,Devean George,0.73,2006
georgpa01,Paul George,0.83,2011
georgpa01,Paul George,2.49,2012
georgpa01,Paul George,3.3,2013
georgpa01,Paul George,3.83,2014
georgpa01,Paul George,3.86,2015
georgpa01,Paul George,4.07,2016
georgpa01,Paul George,4.61,2017
georgpa01,Paul George,3.19,2018
georgpa01,Paul George,4.82,2019
georgpa01,Paul George,4.69,2020
georgpa01,Paul George,5.08,2021
georgpa01,Paul George,4.47,2022
georgpa01,Paul George,4.49,2023
georgpa01,Paul George,4.54,2024
georgpa01,Paul George,2.01,2025
georgpa01,Paul George,1.06,2026
gibsoda01,Daniel Gibson,0.99,2007
gibsoda01,Daniel Gibson,0.33,2008
gibsoda01,Daniel Gibson,0.14,2009
gibsoda01,Daniel Gibson,0.23,2011
gibsota01,Taj Gibson,0.88,2011
gibsota01,Taj Gibson,1.48,2012
gibsota01,Taj Gibson,0.86,2013
gibsota01,Taj Gibson,1.17,2014
gibsota01,Taj Gibson,0.71,2015
gibsota01,Taj Gibson,0.35,2016
gibsota01,Taj Gibson,0.39,2017
gibsota01,Taj Gibson,1.28,2018
gibsota01,Taj Gibson,0.28,2022
giddejo01,Josh Giddey,0.55,2024
giddejo01,Josh Giddey,0.72,2025
giddejo01,Josh Giddey,0.14,2026
gilgesh01,Shai Gilgeous-Alexander,0.88,2020
gilgesh01,Shai Gilgeous-Alexander,0.87,2021
gilgesh01,Shai Gilgeous-Alexander,1.56,2022
gilgesh01,Shai Gilgeous-Alexander,2.27,2023
gilgesh01,Shai Gilgeous-Alexander,4.66,2024
gilgesh01,Shai Gilgeous-Alexander,6.1,2025
gilgesh01,Shai Gilgeous-Alexander,6.27,2026
gilleco01,Collin Gillespie,0.12,2025
gilleco01,Collin Gillespie,0.71,2026
gilled01,Eddie Gill,0.05,2006
ginobma01,Manu Ginóbili,1.9,2003
ginobma01,Manu Ginóbili,3.58,2004
ginobma01,Manu Ginóbili,5.4,2005
ginobma01,Manu Ginóbili,4.95,2006
ginobma01,Manu Ginóbili,5.47,2007
ginobma01,Manu Ginóbili,4.99,2008
ginobma01,Manu Ginóbili,5.01,2009
ginobma01,Manu Ginóbili,4.81,2010
ginobma01,Manu Ginóbili,5.2,2011
ginobma01,Manu Ginóbili,4.91,2012
ginobma01,Manu Ginóbili,3,2013
ginobma01,Manu Ginóbili,4.26,2014
ginobma01,Manu Ginóbili,2.5,2015
ginobma01,Manu Ginóbili,2.37,2016
ginobma01,Manu Ginóbili,1,2017
ginobma01,Manu Ginóbili,0.13,2018
goberru01,Rudy Gobert,2.81,2015
goberru01,Rudy Gobert,1.98,2016
goberru01,Rudy Gobert,3.2,2017
goberru01,Rudy Gobert,3.06,2018
goberru01,Rudy Gobert,4.2,2019
goberru01,Rudy Gobert,3.73,2020
goberru01,Rudy Gobert,4.85,2021
goberru01,Rudy Gobert,3.64,2022
goberru01,Rudy Gobert,2.5,2023
goberru01,Rudy Gobert,3.25,2024
goberru01,Rudy Gobert,3.44,2025
goberru01,Rudy Gobert,1.93,2026
goodedr01,Drew Gooden,0.26,2005
goodwjo01,Jordan Goodwin,0.47,2026
gordoaa01,Aaron Gordon,0.81,2016
gordoaa01,Aaron Gordon,0.34,2017
gordoaa01,Aaron Gordon,0.53,2018
gordoaa01,Aaron Gordon,1.22,2019
gordoaa01,Aaron Gordon,0.96,2020
gordoaa01,Aaron Gordon,0.3,2021
gordoaa01,Aaron Gordon,0.8,2022
gordoaa01,Aaron Gordon,2.57,2023
gordoaa01,Aaron Gordon,2.1,2024
gordoaa01,Aaron Gordon,2.47,2025
gordoaa01,Aaron Gordon,2.1,2026
gordobe01,Ben Gordon,0.58,2005
gordobe01,Ben Gordon,1.01,2006
gordobe01,Ben Gordon,2.71,2007
gordobe01,Ben Gordon,0.42,2008
gordobe01,Ben Gordon,0.12,2009
gordoer01,Eric Gordon,0.02,2012
gordoer01,Eric Gordon,1.2,2018
gordoer01,Eric Gordon,1.17,2019
gortama01,Marcin Gortat,0.73,2012
gortama01,Marcin Gortat,1.37,2014
gortama01,Marcin Gortat,1.85,2015
gortama01,Marcin Gortat,1.5,2016
gortama01,Marcin Gortat,0.99,2017
gortama01,Marcin Gortat,0.7,2018
grahade01,Devonte' Graham,0.02,2021
grangda01,Danny Granger,0.27,2006
grangda01,Danny Granger,0.95,2008
grangda01,Danny Granger,2.67,2009
grangda01,Danny Granger,3.75,2010
grangda01,Danny Granger,3.04,2011
grangda01,Danny Granger,2.99,2012
grangda01,Danny Granger,2.04,2013
grantho01,Horace Grant,1,2001
grantho01,Horace Grant,1,2002
grantho01,Horace Grant,0.84,2003
grantje01,Jerami Grant,0.45,2019
grantje02,Jerian Grant,0.16,2017
greenda02,Danny Green,2.56,2012
greenda02,Danny Green,2.88,2013
greenda02,Danny Green,4.01,2014
greenda02,Danny Green,4.51,2015
greenda02,Danny Green,3.68,2016
greenda02,Danny Green,2.81,2017
greenda02,Danny Green,1.67,2018
greenda02,Danny Green,2.8,2019
greenda02,Danny Green,2.3,2020
greenda02,Danny Green,2.23,2021
greenda02,Danny Green,1.69,2022
greendo01,Donté Greene,0.27,2012
greendr01,Draymond Green,1.8,2014
greendr01,Draymond Green,2.87,2015
greendr01,Draymond Green,4.52,2016
greendr01,Draymond Green,4.18,2017
greendr01,Draymond Green,3.79,2018
greendr01,Draymond Green,2.54,2019
greendr01,Draymond Green,2.44,2020
greendr01,Draymond Green,2.04,2021
greendr01,Draymond Green,2.33,2022
greendr01,Draymond Green,2.22,2023
greendr01,Draymond Green,2.06,2024
greendr01,Draymond Green,2.27,2025
greendr01,Draymond Green,0.21,2026
greenja01,JaMychal Green,0.66,2017
greenja02,Javonte Green,0.13,2022
greenja02,Javonte Green,1.14,2023
greenja02,Javonte Green,2.08,2024
greenja02,Javonte Green,0.83,2025
greenja02,Javonte Green,0.51,2026
greenja05,Jalen Green,0.31,2024
greenja05,Jalen Green,0.15,2025
greenja05,Jalen Green,0.01,2026
greenjo02,Josh Green,0.18,2026
griffbl01,Blake Griffin,1.32,2011
griffbl01,Blake Griffin,3.63,2012
griffbl01,Blake Griffin,3.1,2013
griffbl01,Blake Griffin,4.38,2014
griffbl01,Blake Griffin,5.18,2015
griffbl01,Blake Griffin,3.97,2016
griffbl01,Blake Griffin,4.58,2017
griffbl01,Blake Griffin,2.5,2018
griffbl01,Blake Griffin,2.81,2019
griffbl01,Blake Griffin,1.05,2020
griffbl01,Blake Griffin,0.35,2021
grimequ01,Quentin Grimes,0.05,2023
gueyemo02,Mouhamed Gueye,1.04,2026
guglito01,Tom Gugliotta,0.87,2001
hachiru01,Rui Hachimura,0.24,2025
haddaha01,Hamed Haddadi,0.42,2012
halibty01,Tyrese Haliburton,0.49,2022
halibty01,Tyrese Haliburton,1.83,2023
halibty01,Tyrese Haliburton,2.95,2024
halibty01,Tyrese Haliburton,3.37,2025
halibty01,Tyrese Haliburton,2.63,2026
hamda01,Darvin Ham,0.04,2001
hamda01,Darvin Ham,0.02,2002
hamilri01,Richard Hamilton,0.48,2003
hamilri01,Richard Hamilton,1,2004
hamilri01,Richard Hamilton,1.28,2005
hamilri01,Richard Hamilton,0.79,2006
hamilri01,Richard Hamilton,1.16,2007
hamilri01,Richard Hamilton,1.28,2008
hamilri01,Richard Hamilton,0.8,2009
hansbty01,Tyler Hansbrough,0.15,2015
hardaan01,Anfernee Hardaway,2.71,2001
hardati01,Tim Hardaway,0.76,2001
hardati02,Tim Hardaway Jr.,0.58,2020
hardati02,Tim Hardaway Jr.,0.66,2021
hardati02,Tim Hardaway Jr.,0.11,2022
hardati02,Tim Hardaway Jr.,0.67,2023
hardeja01,James Harden,2.16,2010
hardeja01,James Harden,2.89,2011
hardeja01,James Harden,3.3,2012
hardeja01,James Harden,4.33,2013
hardeja01,James Harden,4.49,2014
hardeja01,James Harden,5.96,2015
hardeja01,James Harden,5.43,2016
hardeja01,James Harden,5.1,2017
hardeja01,James Harden,5.75,2018
hardeja01,James Harden,5.21,2019
hardeja01,James Harden,5.95,2020
hardeja01,James Harden,4.9,2021
hardeja01,James Harden,3.78,2022
hardeja01,James Harden,4.23,2023
hardeja01,James Harden,3.27,2024
hardeja01,James Harden,4.51,2025
hardeja01,James Harden,2.91,2026
hardyja02,Jaden Hardy,0.02,2023
harklma01,Maurice Harkless,0.1,2015
harklma01,Maurice Harkless,0.88,2016
harklma01,Maurice Harkless,0.85,2017
harklma01,Maurice Harkless,1.48,2018
harklma01,Maurice Harkless,1.92,2019
harklma01,Maurice Harkless,0.02,2022
harpedy01,Dylan Harper,0.62,2026
harpeja01,Jared Harper,2.54,2022
harprma01,Matt Harpring,0.88,2003
harprma01,Matt Harpring,0.23,2004
harprma01,Matt Harpring,0.35,2007
harremo01,Montrezl Harrell,1.03,2018
harremo01,Montrezl Harrell,1.06,2019
harremo01,Montrezl Harrell,1.48,2022
harrial01,Al Harrington,0.72,2008
harrial01,Al Harrington,0.87,2009
harrial01,Al Harrington,0.32,2012
harride01,Devin Harris,0.27,2005
harride01,Devin Harris,0.9,2007
harride01,Devin Harris,2.1,2008
harride01,Devin Harris,2.55,2009
harride01,Devin Harris,0.72,2010
harride01,Devin Harris,0.22,2011
harride01,Devin Harris,0.33,2012
harride01,Devin Harris,1.19,2013
harride01,Devin Harris,2.06,2014
harride01,Devin Harris,1.04,2015
harriga01,Gary Harris,0.08,2017
harriga01,Gary Harris,0.82,2018
harriga01,Gary Harris,0.47,2019
harriga01,Gary Harris,0.26,2020
harriga01,Gary Harris,0.36,2023
harriga01,Gary Harris,0.29,2024
harriga01,Gary Harris,0.41,2025
harrilu01,Lucious Harris,0.04,2001
harrilu01,Lucious Harris,0.37,2002
harrish01,Shaquille Harrison,0.35,2020
harrito02,Tobias Harris,0.29,2016
harrito02,Tobias Harris,0.41,2019
harrito02,Tobias Harris,0.63,2020
harrito02,Tobias Harris,2.1,2021
harrito02,Tobias Harris,1.02,2022
harrito02,Tobias Harris,1,2023
harrito02,Tobias Harris,0.6,2024
harrito02,Tobias Harris,0.68,2025
harrito02,Tobias Harris,0.56,2026
harteis01,Isaiah Hartenstein,0.25,2020
harteis01,Isaiah Hartenstein,0.79,2021
harteis01,Isaiah Hartenstein,2.55,2022
harteis01,Isaiah Hartenstein,1.66,2023
harteis01,Isaiah Hartenstein,2.29,2024
harteis01,Isaiah Hartenstein,2.14,2025
harteis01,Isaiah Hartenstein,2.99,2026
hartjo01,Josh Hart,0.19,2019
hartjo01,Josh Hart,1.28,2023
hartjo01,Josh Hart,0.6,2024
hartjo01,Josh Hart,0.93,2025
hartjo01,Josh Hart,0.46,2026
hasleud01,Udonis Haslem,0.36,2005
hasleud01,Udonis Haslem,0.38,2006
hausesa01,Sam Hauser,0.91,2024
hausesa01,Sam Hauser,0.52,2025
hausesa01,Sam Hauser,0.31,2026
hayesch01,Chuck Hayes,1.1,2006
hayesch01,Chuck Hayes,1.03,2007
hayesch01,Chuck Hayes,1.14,2008
hayesch01,Chuck Hayes,0.07,2009
hayesch01,Chuck Hayes,0.73,2010
hayesch01,Chuck Hayes,1.67,2011
hayesja02,Jaxson Hayes,0.95,2020
hayesja02,Jaxson Hayes,0.08,2026
haywago01,Gordon Hayward,0.52,2012
haywago01,Gordon Hayward,0.89,2013
haywago01,Gordon Hayward,2.26,2015
haywago01,Gordon Hayward,2.44,2016
haywago01,Gordon Hayward,3.11,2017
haywago01,Gordon Hayward,0.72,2018
haywago01,Gordon Hayward,0.38,2019
haywago01,Gordon Hayward,2.21,2020
haywago01,Gordon Hayward,0.6,2021
haywago01,Gordon Hayward,0.11,2022
haywobr01,Brendan Haywood,1.62,2004
haywobr01,Brendan Haywood,2.27,2005
haywobr01,Brendan Haywood,1.16,2006
haywobr01,Brendan Haywood,0.75,2007
haywobr01,Brendan Haywood,0.98,2008
haywobr01,Brendan Haywood,1.18,2009
haywobr01,Brendan Haywood,2.08,2010
haywobr01,Brendan Haywood,0.8,2011
haywobr01,Brendan Haywood,0.69,2012
headlu01,Luther Head,0.44,2006
headlu01,Luther Head,0.21,2008
hensojo01,John Henson,0.65,2018
hensojo01,John Henson,0.95,2020
hensojo01,John Henson,0.62,2021
hernawi01,Willy Hernangómez,0.34,2018
hernawi01,Willy Hernangómez,0.12,2021
hernawi01,Willy Hernangómez,0.22,2022
herroty01,Tyler Herro,0.13,2023
herroty01,Tyler Herro,0.49,2024
herroty01,Tyler Herro,1.93,2025
herroty01,Tyler Herro,0.58,2026
hibbero01,Roy Hibbert,1.77,2012
hibbero01,Roy Hibbert,3.02,2013
hibbero01,Roy Hibbert,1.6,2014
hibbero01,Roy Hibbert,0.82,2015
hieldbu01,Buddy Hield,0.27,2018
hieldbu01,Buddy Hield,0.38,2019
hieldbu01,Buddy Hield,0.21,2020
hieldbu01,Buddy Hield,0.28,2023
highsha01,Haywood Highsmith,0.24,2024
hilarne01,Nenê,1.23,2003
hilarne01,Nenê,1.97,2004
hilarne01,Nenê,2.48,2005
hilarne01,Nenê,2.25,2006
hilarne01,Nenê,2.63,2007
hilarne01,Nenê,1.84,2008
hilarne01,Nenê,3.92,2009
hilarne01,Nenê,3.76,2010
hilarne01,Nenê,4.19,2011
hilarne01,Nenê,2.66,2012
hilarne01,Nenê,2.11,2013
hilarne01,Nenê,1.83,2014
hilarne01,Nenê,1.44,2015
hilarne01,Nenê,1.21,2016
hilarne01,Nenê,1.27,2017
hilarne01,Nenê,1.88,2018
hilarne01,Nenê,0.97,2019
hilarne01,Nenê,0.28,2020
hillge01,George Hill,0.63,2010
hillge01,George Hill,0.24,2011
hillge01,George Hill,1.09,2012
hillge01,George Hill,2.68,2013
hillge01,George Hill,1.68,2014
hillge01,George Hill,3.19,2015
hillge01,George Hill,1.95,2016
hillge01,George Hill,2.38,2017
hillge01,George Hill,1.27,2018
hillge01,George Hill,1.44,2019
hillge01,George Hill,1.6,2020
hillge01,George Hill,0.32,2022
hillgr01,Grant Hill,3.07,2001
hillgr01,Grant Hill,1.52,2002
hillgr01,Grant Hill,1.63,2003
hillgr01,Grant Hill,1.55,2005
hillgr01,Grant Hill,0.91,2006
hillgr01,Grant Hill,0.32,2007
hillgr01,Grant Hill,0.62,2008
hillgr01,Grant Hill,0.61,2009
hillso01,Solomon Hill,0.12,2017
hinriki01,Kirk Hinrich,0.44,2005
hinriki01,Kirk Hinrich,0.99,2006
hinriki01,Kirk Hinrich,1.66,2007
hinriki01,Kirk Hinrich,0.56,2008
hinriki01,Kirk Hinrich,1.78,2009
hinriki01,Kirk Hinrich,0.74,2010
hinriki01,Kirk Hinrich,0.31,2014
hoibefr01,Fred Hoiberg,0.26,2003
hoibefr01,Fred Hoiberg,0.64,2004
hoibefr01,Fred Hoiberg,1.36,2005
holidaa01,Aaron Holiday,0.28,2023
holidjr01,Jrue Holiday,1.31,2011
holidjr01,Jrue Holiday,1.46,2012
holidjr01,Jrue Holiday,0.08,2013
holidjr01,Jrue Holiday,1.01,2014
holidjr01,Jrue Holiday,2.29,2015
holidjr01,Jrue Holiday,2.38,2016
holidjr01,Jrue Holiday,2.41,2017
holidjr01,Jrue Holiday,3.7,2018
holidjr01,Jrue Holiday,4.3,2019
holidjr01,Jrue Holiday,3.21,2020
holidjr01,Jrue Holiday,3.52,2021
holidjr01,Jrue Holiday,3.44,2022
holidjr01,Jrue Holiday,4.8,2023
holidjr01,Jrue Holiday,1.77,2024
holidjr01,Jrue Holiday,0.83,2025
holidjr01,Jrue Holiday,0.27,2026
holidju01,Justin Holiday,0.48,2017
holidju01,Justin Holiday,0.56,2020
holidju01,Justin Holiday,0.04,2021
holliro01,Rondae Hollis-Jefferson,0.49,2017
holliro01,Rondae Hollis-Jefferson,0.4,2018
holliro01,Rondae Hollis-Jefferson,0.29,2020
holmeri01,Richaun Holmes,1.7,2020
holmeri01,Richaun Holmes,1.38,2021
holmeri01,Richaun Holmes,0.73,2022
holmeri01,Richaun Holmes,0.92,2025
holmeri01,Richaun Holmes,0.42,2026
holmgch01,Chet Holmgren,0.15,2023
holmgch01,Chet Holmgren,2.43,2024
holmgch01,Chet Holmgren,1.83,2025
holmgch01,Chet Holmgren,4.42,2026
horfoal01,Al Horford,0.38,2009
horfoal01,Al Horford,2.13,2010
horfoal01,Al Horford,1.62,2011
horfoal01,Al Horford,2.09,2012
horfoal01,Al Horford,1.97,2013
horfoal01,Al Horford,2.24,2014
horfoal01,Al Horford,2.02,2015
horfoal01,Al Horford,1.89,2016
horfoal01,Al Horford,1.32,2017
horfoal01,Al Horford,2.05,2018
horfoal01,Al Horford,1.85,2019
horfoal01,Al Horford,0.53,2020
horfoal01,Al Horford,1.55,2022
horfoal01,Al Horford,0.48,2023
horfoal01,Al Horford,0.76,2024
horfoal01,Al Horford,0.31,2025
horryro01,Robert Horry,1.68,2001
horryro01,Robert Horry,2.45,2002
horryro01,Robert Horry,1.91,2003
horryro01,Robert Horry,1.81,2004
horryro01,Robert Horry,2.03,2005
horryro01,Robert Horry,1.7,2006
horryro01,Robert Horry,0.77,2007
horryro01,Robert Horry,0.06,2008
howardw01,Dwight Howard,0.76,2006
howardw01,Dwight Howard,0.69,2007
howardw01,Dwight Howard,2.6,2008
howardw01,Dwight Howard,3.42,2009
howardw01,Dwight Howard,4.6,2010
howardw01,Dwight Howard,4.1,2011
howardw01,Dwight Howard,4.05,2012
howardw01,Dwight Howard,2.39,2013
howardw01,Dwight Howard,2.94,2014
howardw01,Dwight Howard,2.98,2015
howardw01,Dwight Howard,2.12,2016
howardw01,Dwight Howard,1.07,2017
howardw01,Dwight Howard,0.99,2018
howarjo01,Josh Howard,0.42,2004
howarjo01,Josh Howard,1.45,2005
howarjo01,Josh Howard,2.29,2006
howarjo01,Josh Howard,3.5,2007
howarjo01,Josh Howard,2,2008
howarjo01,Josh Howard,2.64,2009
howarjo01,Josh Howard,0.74,2010
huertke01,Kevin Huerter,0.14,2023
huertke01,Kevin Huerter,0.48,2024
huertke01,Kevin Huerter,0.24,2025
hughela01,Larry Hughes,0.23,2003
hughela01,Larry Hughes,1.6,2005
huntede01,De'Andre Hunter,0.76,2025
hylanbo01,Bones Hyland,0.11,2022
ibakase01,Serge Ibaka,0.01,2011
ibakase01,Serge Ibaka,1.51,2012
ibakase01,Serge Ibaka,1.64,2013
ibakase01,Serge Ibaka,1.66,2014
ibakase01,Serge Ibaka,2.28,2015
ibakase01,Serge Ibaka,3.17,2016
ibakase01,Serge Ibaka,0.83,2017
ibakase01,Serge Ibaka,0.55,2018
ibakase01,Serge Ibaka,0.43,2019
ibakase01,Serge Ibaka,0.85,2020
ibakase01,Serge Ibaka,1.21,2021
ighodos01,Oso Ighodaro,0.54,2026
iguodan01,Andre Iguodala,1.87,2005
iguodan01,Andre Iguodala,1.54,2006
iguodan01,Andre Iguodala,1.03,2007
iguodan01,Andre Iguodala,1.9,2008
iguodan01,Andre Iguodala,2.26,2009
iguodan01,Andre Iguodala,1.36,2010
iguodan01,Andre Iguodala,2.35,2011
iguodan01,Andre Iguodala,2.47,2012
iguodan01,Andre Iguodala,2.47,2013
iguodan01,Andre Iguodala,3.64,2014
iguodan01,Andre Iguodala,2.47,2015
iguodan01,Andre Iguodala,2.78,2016
iguodan01,Andre Iguodala,2.51,2017
iguodan01,Andre Iguodala,2.01,2018
iguodan01,Andre Iguodala,2.55,2019
ilgauzy01,Zydrunas Ilgauskas,0.98,2001
ilgauzy01,Zydrunas Ilgauskas,0.42,2002
ilgauzy01,Zydrunas Ilgauskas,0.43,2003
ilgauzy01,Zydrunas Ilgauskas,0.8,2004
ilgauzy01,Zydrunas Ilgauskas,1.36,2005
ilgauzy01,Zydrunas Ilgauskas,2.21,2006
ilgauzy01,Zydrunas Ilgauskas,1.09,2007
ilgauzy01,Zydrunas Ilgauskas,1.69,2008
ilgauzy01,Zydrunas Ilgauskas,2.1,2009
ilgauzy01,Zydrunas Ilgauskas,0.2,2010
ilyaser01,Ersan İlyasova,0.18,2010
ilyaser01,Ersan İlyasova,0.52,2011
ilyaser01,Ersan İlyasova,1.34,2012
ilyaser01,Ersan İlyasova,1.39,2013
ilyaser01,Ersan İlyasova,1.37,2015
ilyaser01,Ersan İlyasova,0.39,2017
ilyaser01,Ersan İlyasova,0.55,2018
ilyaser01,Ersan İlyasova,1.45,2019
inglejo01,Joe Ingles,0.44,2017
inglejo01,Joe Ingles,0.96,2018
inglejo01,Joe Ingles,1.31,2019
inglejo01,Joe Ingles,1.01,2020
inglejo01,Joe Ingles,1.46,2021
inglejo01,Joe Ingles,0.45,2022
ingraan01,Andre Ingram,0.59,2018
ingrabr01,Brandon Ingram,0.12,2018
ingrabr01,Brandon Ingram,0.5,2020
ingrabr01,Brandon Ingram,1.6,2021
ingrabr01,Brandon Ingram,2.69,2022
ingrabr01,Brandon Ingram,2.28,2023
ingrabr01,Brandon Ingram,1.14,2024
ingrabr01,Brandon Ingram,0.64,2026
irvinky01,Kyrie Irving,2.24,2012
irvinky01,Kyrie Irving,1.14,2013
irvinky01,Kyrie Irving,0.78,2014
irvinky01,Kyrie Irving,2.52,2015
irvinky01,Kyrie Irving,2.21,2016
irvinky01,Kyrie Irving,2.8,2017
irvinky01,Kyrie Irving,3.19,2018
irvinky01,Kyrie Irving,3.86,2019
irvinky01,Kyrie Irving,2.91,2020
irvinky01,Kyrie Irving,3.61,2021
irvinky01,Kyrie Irving,3.79,2022
irvinky01,Kyrie Irving,3.75,2023
irvinky01,Kyrie Irving,3.61,2024
irvinky01,Kyrie Irving,2.58,2025
irvinky01,Kyrie Irving,0.41,2026
isaacjo01,Jonathan Isaac,0.02,2018
isaacjo01,Jonathan Isaac,0.16,2019
isaacjo01,Jonathan Isaac,1.58,2020
isaacjo01,Jonathan Isaac,1.75,2021
isaacjo01,Jonathan Isaac,1.66,2022
isaacjo01,Jonathan Isaac,0.82,2023
isaacjo01,Jonathan Isaac,2.83,2024
isaacjo01,Jonathan Isaac,1.84,2025
isaacjo01,Jonathan Isaac,0.64,2026
iversal01,Allen Iverson,2.93,2001
iversal01,Allen Iverson,3.74,2002
iversal01,Allen Iverson,3.67,2003
iversal01,Allen Iverson,2.86,2004
iversal01,Allen Iverson,3,2005
iversal01,Allen Iverson,2.88,2006
iversal01,Allen Iverson,1.15,2007
iversal01,Allen Iverson,2.02,2008
jacksbo01,Bobby Jackson,0.47,2001
jacksbo01,Bobby Jackson,1.01,2002
jacksbo01,Bobby Jackson,0.53,2003
jacksbo01,Bobby Jackson,0.95,2004
jacksbo01,Bobby Jackson,0.44,2005
jacksbo01,Bobby Jackson,0.81,2006
jacksbo01,Bobby Jackson,0.02,2008
jacksis01,Isaiah Jackson,0.49,2024
jacksis01,Isaiah Jackson,0.69,2025
jacksja02,Jaren Jackson Jr.,0.81,2020
jacksja02,Jaren Jackson Jr.,0.37,2021
jacksja02,Jaren Jackson Jr.,2.23,2022
jacksja02,Jaren Jackson Jr.,2.38,2023
jacksja02,Jaren Jackson Jr.,1.4,2024
jacksja02,Jaren Jackson Jr.,2.22,2025
jacksja02,Jaren Jackson Jr.,1.39,2026
jacksre01,Reggie Jackson,0.02,2014
jacksre01,Reggie Jackson,0.83,2015
jacksre01,Reggie Jackson,1.26,2016
jacksre01,Reggie Jackson,0.73,2019
jacksre01,Reggie Jackson,0.34,2020
jacksre01,Reggie Jackson,0.98,2021
jacksst02,Stephen Jackson,1.02,2003
jacksst02,Stephen Jackson,1.23,2004
jacksst02,Stephen Jackson,2.01,2005
jacksst02,Stephen Jackson,0.52,2007
jacksst02,Stephen Jackson,0.48,2010
jacobca01,Casey Jacobsen,0.09,2004
jacobca01,Casey Jacobsen,0.05,2005
jakucka01,Kasparas Jakučionis,0.2,2026
jamesje01,Jerome James,0.24,2003
jamesle01,LeBron James,0.66,2004
jamesle01,LeBron James,3.95,2005
jamesle01,LeBron James,5.39,2006
jamesle01,LeBron James,5.83,2007
jamesle01,LeBron James,6.74,2008
jamesle01,LeBron James,9.07,2009
jamesle01,LeBron James,9,2010
jamesle01,LeBron James,7.89,2011
jamesle01,LeBron James,8.39,2012
jamesle01,LeBron James,8.65,2013
jamesle01,LeBron James,8.11,2014
jamesle01,LeBron James,7.87,2015
jamesle01,LeBron James,8.64,2016
jamesle01,LeBron James,8.25,2017
jamesle01,LeBron James,7.04,2018
jamesle01,LeBron James,5.9,2019
jamesle01,LeBron James,6.45,2020
jamesle01,LeBron James,6.48,2021
jamesle01,LeBron James,5.62,2022
jamesle01,LeBron James,4.14,2023
jamesle01,LeBron James,4.51,2024
jamesle01,LeBron James,2.68,2025
jamesle01,LeBron James,1.36,2026
jamisan01,Antawn Jamison,1.35,2004
jamisan01,Antawn Jamison,0.79,2005
jamisan01,Antawn Jamison,1.66,2006
jamisan01,Antawn Jamison,1.31,2007
jamisan01,Antawn Jamison,2.24,2008
jamisan01,Antawn Jamison,1.32,2009
jamisan01,Antawn Jamison,0.95,2010
jaricma01,Marko Jarić,0.59,2003
jaricma01,Marko Jarić,0.06,2004
jaricma01,Marko Jarić,0.11,2005
jaricma01,Marko Jarić,0.31,2010
jeffeal01,Al Jefferson,0.44,2007
jeffeal01,Al Jefferson,0.97,2009
jeffeal01,Al Jefferson,0.16,2010
jeffeal01,Al Jefferson,0.04,2011
jeffeal01,Al Jefferson,1.71,2012
jeffeal01,Al Jefferson,0.47,2013
jeffeal01,Al Jefferson,0.75,2014
jefferi01,Richard Jefferson,0.33,2003
jefferi01,Richard Jefferson,0.99,2004
jefferi01,Richard Jefferson,0.33,2005
jefferi01,Richard Jefferson,0.17,2006
jefferi01,Richard Jefferson,0.63,2007
jefferi01,Richard Jefferson,0.5,2010
jefferi01,Richard Jefferson,0.52,2011
jeffrja01,Jared Jeffries,0.7,2005
jeffrja01,Jared Jeffries,0.95,2006
jeffrja01,Jared Jeffries,0.43,2007
jeffrja01,Jared Jeffries,0.85,2008
jeffrja01,Jared Jeffries,1.54,2009
jeffrja01,Jared Jeffries,1.48,2010
jeffrja01,Jared Jeffries,1.61,2011
jeffrja01,Jared Jeffries,1.36,2012
jennibr01,Brandon Jennings,1.1,2010
jennibr01,Brandon Jennings,0.26,2011
jennibr01,Brandon Jennings,0.44,2012
jerebjo01,Jonas Jerebko,1.07,2010
jerebjo01,Jonas Jerebko,1.58,2011
jerebjo01,Jonas Jerebko,0.59,2012
jerebjo01,Jonas Jerebko,1.03,2013
jerebjo01,Jonas Jerebko,0.88,2014
jerebjo01,Jonas Jerebko,1.16,2015
jerebjo01,Jonas Jerebko,0.89,2016
jerebjo01,Jonas Jerebko,0.44,2017
jeromty01,Ty Jerome,1.65,2025
jeromty01,Ty Jerome,2.44,2026
joeis01,Isaiah Joe,0.28,2023
joeis01,Isaiah Joe,1.21,2024
joeis01,Isaiah Joe,1.1,2025
joeis01,Isaiah Joe,0.9,2026
johnsam01,Amir Johnson,1.33,2006
johnsam01,Amir Johnson,1.16,2007
johnsam01,Amir Johnson,1.62,2008
johnsam01,Amir Johnson,1.2,2009
johnsam01,Amir Johnson,2.41,2010
johnsam01,Amir Johnson,2.29,2011
johnsam01,Amir Johnson,2.77,2012
johnsam01,Amir Johnson,3.91,2013
johnsam01,Amir Johnson,3.15,2014
johnsam01,Amir Johnson,1.57,2015
johnsam01,Amir Johnson,2.58,2016
johnsam01,Amir Johnson,2.67,2017
johnsam01,Amir Johnson,0.83,2018
johnsca02,Cameron Johnson,0.35,2021
johnsca02,Cameron Johnson,0.67,2022
johnsca02,Cameron Johnson,1.47,2023
johnsca02,Cameron Johnson,0.5,2024
johnsca02,Cameron Johnson,0.23,2025
johnsca02,Cameron Johnson,0.75,2026
johnsde03,DerMarr Johnson,0.65,2005
johnsde03,DerMarr Johnson,0.96,2006
johnser02,Ervin Johnson,1.41,2001
johnsja01,James Johnson,1.19,2014
johnsja01,James Johnson,2.24,2015
johnsja01,James Johnson,0.01,2016
johnsja01,James Johnson,1.47,2017
johnsja01,James Johnson,1.26,2018
johnsja05,Jalen Johnson,0.24,2023
johnsja05,Jalen Johnson,1.55,2025
johnsja05,Jalen Johnson,0.39,2026
johnsjo02,Joe Johnson,1.55,2005
johnsjo02,Joe Johnson,0.3,2007
johnsjo02,Joe Johnson,0.87,2008
johnsjo02,Joe Johnson,1.47,2009
johnsjo02,Joe Johnson,2.27,2010
johnsjo02,Joe Johnson,1.83,2011
johnsjo02,Joe Johnson,1.89,2012
johnsjo02,Joe Johnson,2.05,2013
johnsjo02,Joe Johnson,1.81,2014
johnsjo02,Joe Johnson,0.82,2015
johnsjo02,Joe Johnson,0.86,2016
johnske04,Keldon Johnson,0.62,2022
johnsli01,Linton Johnson,0.5,2007
johnsst04,Stanley Johnson,0.14,2018
johnsty01,Tyler Johnson,0.46,2018
johnswe01,Wesley Johnson,0.02,2016
jokicni01,Nikola Jokić,3.12,2016
jokicni01,Nikola Jokić,5.12,2017
jokicni01,Nikola Jokić,5.62,2018
jokicni01,Nikola Jokić,5.39,2019
jokicni01,Nikola Jokić,4.49,2020
jokicni01,Nikola Jokić,4.43,2021
jokicni01,Nikola Jokić,5.33,2022
jokicni01,Nikola Jokić,7.24,2023
jokicni01,Nikola Jokić,7.4,2024
jokicni01,Nikola Jokić,6.58,2025
jokicni01,Nikola Jokić,6.99,2026
jonesda01,Damon Jones,0.73,2005
jonesda03,Damian Jones,0.49,2022
jonesde02,Derrick Jones Jr.,0.33,2019
jonesde02,Derrick Jones Jr.,0.7,2020
jonesde02,Derrick Jones Jr.,0.77,2022
jonesde02,Derrick Jones Jr.,1.65,2023
jonesde02,Derrick Jones Jr.,0.82,2024
jonesde02,Derrick Jones Jr.,1.01,2025
jonesde02,Derrick Jones Jr.,1.28,2026
jonesed02,Eddie Jones,2.89,2001
jonesed02,Eddie Jones,2.78,2002
jonesed02,Eddie Jones,2.94,2003
jonesed02,Eddie Jones,1.79,2004
jonesed02,Eddie Jones,2.42,2005
jonesed02,Eddie Jones,2.95,2006
jonesed02,Eddie Jones,0.76,2007
jonesfr01,Fred Jones,0.56,2004
joneshe01,Herbert Jones,0.93,2022
joneshe01,Herbert Jones,1.06,2023
joneshe01,Herbert Jones,2.05,2024
joneshe01,Herbert Jones,1.49,2025
joneshe01,Herbert Jones,0.84,2026
jonesja02,James Jones,0.09,2007
jonesja02,James Jones,0.12,2011
jonestr01,Tre Jones,0.08,2024
jonestr01,Tre Jones,0.3,2025
jonesty01,Tyus Jones,0.97,2018
jonesty01,Tyus Jones,0.11,2019
jonesty01,Tyus Jones,0.26,2020
jonesty01,Tyus Jones,0.8,2022
jordade01,DeAndre Jordan,0.35,2012
jordade01,DeAndre Jordan,0.83,2013
jordade01,DeAndre Jordan,1.82,2014
jordade01,DeAndre Jordan,2.58,2015
jordade01,DeAndre Jordan,2.44,2016
jordade01,DeAndre Jordan,2.55,2017
jordade01,DeAndre Jordan,1.21,2018
jordami01,Michael Jordan,3.34,2002
jordami01,Michael Jordan,1.44,2003
josepco01,Cory Joseph,0.09,2014
josepco01,Cory Joseph,0.21,2015
jovicni01,Nikola Jović,0.12,2024
jovicni01,Nikola Jović,0.36,2025
kalkbry01,Ryan Kalkbrenner,0.64,2026
kaminfr01,Frank Kaminsky,0.47,2019
kanteen01,Enes Freedom,0.26,2020
kanteen01,Enes Freedom,0.85,2021
kanteen01,Enes Freedom,1.4,2022
kawamyu01,Yuki Kawamura,0.07,2025
kellyry01,Ryan Kelly,0.1,2014
kennalu01,Luke Kennard,0.14,2023
kesslwa01,Walker Kessler,1.35,2023
kesslwa01,Walker Kessler,0.61,2024
kesslwa01,Walker Kessler,0.72,2025
kesslwa01,Walker Kessler,0.67,2026
kiddgmi01,Michael Kidd-Gilchrist,0.55,2014
kiddgmi01,Michael Kidd-Gilchrist,1.2,2015
kiddgmi01,Michael Kidd-Gilchrist,1.12,2016
kiddgmi01,Michael Kidd-Gilchrist,2.09,2017
kiddgmi01,Michael Kidd-Gilchrist,0.89,2018
kiddgmi01,Michael Kidd-Gilchrist,0.59,2019
kiddja01,Jason Kidd,3.22,2001
kiddja01,Jason Kidd,4.39,2002
kiddja01,Jason Kidd,5.27,2003
kiddja01,Jason Kidd,5.62,2004
kiddja01,Jason Kidd,5.23,2005
kiddja01,Jason Kidd,4.86,2006
kiddja01,Jason Kidd,3.81,2007
kiddja01,Jason Kidd,2.75,2008
kiddja01,Jason Kidd,2.73,2009
kiddja01,Jason Kidd,2.69,2010
kiddja01,Jason Kidd,1.46,2011
kiddja01,Jason Kidd,0.52,2012
kirilan01,Andrei Kirilenko,2.45,2002
kirilan01,Andrei Kirilenko,2.72,2003
kirilan01,Andrei Kirilenko,3.85,2004
kirilan01,Andrei Kirilenko,3.48,2005
kirilan01,Andrei Kirilenko,4.11,2006
kirilan01,Andrei Kirilenko,2.85,2007
kirilan01,Andrei Kirilenko,3.98,2008
kirilan01,Andrei Kirilenko,3.32,2009
kirilan01,Andrei Kirilenko,3.85,2010
kirilan01,Andrei Kirilenko,2.21,2011
kirilan01,Andrei Kirilenko,1.83,2013
kittlke01,Kerry Kittles,0.71,2002
kittlke01,Kerry Kittles,1.69,2003
kittlke01,Kerry Kittles,1.95,2004
kittlke01,Kerry Kittles,0.94,2005
klebima01,Maxi Kleber,0.92,2022
klebima01,Maxi Kleber,0.03,2024
kleizli01,Linas Kleiza,0.12,2008
knighbr01,Brevin Knight,0.56,2002
knighbr01,Brevin Knight,0.83,2005
knighbr01,Brevin Knight,0.76,2006
knighbr01,Brevin Knight,0.5,2007
knuepko01,Kon Knueppel,0.03,2026
konchjo01,John Konchar,0.5,2021
konchjo01,John Konchar,0.25,2022
konchjo01,John Konchar,0.37,2024
konchjo01,John Konchar,0.12,2025
korkmfu01,Furkan Korkmaz,0.21,2021
kornelu01,Luke Kornet,0.47,2021
kornelu01,Luke Kornet,0.18,2023
kornelu01,Luke Kornet,0.86,2024
kornelu01,Luke Kornet,1.72,2025
kornelu01,Luke Kornet,0.44,2026
korveky01,Kyle Korver,0.58,2005
korveky01,Kyle Korver,0.01,2006
korveky01,Kyle Korver,0.73,2008
korveky01,Kyle Korver,1.1,2009
korveky01,Kyle Korver,1.36,2010
korveky01,Kyle Korver,0.62,2011
korveky01,Kyle Korver,1.52,2012
korveky01,Kyle Korver,1.52,2013
korveky01,Kyle Korver,1.3,2014
korveky01,Kyle Korver,2.25,2015
korveky01,Kyle Korver,1.21,2016
korveky01,Kyle Korver,0.49,2018
koufoko01,Kosta Koufos,0.84,2013
koufoko01,Kosta Koufos,0.01,2014
koufoko01,Kosta Koufos,0.55,2015
krstine01,Nenad Krstić,0.16,2006
krstine01,Nenad Krstić,0.09,2007
kukocto01,Toni Kukoč,1.13,2001
kukocto01,Toni Kukoč,1.9,2003
kukocto01,Toni Kukoč,1.12,2004
kuminjo01,Jonathan Kuminga,0.05,2023
lafrera01,Raef LaFrentz,0.21,2001
lafrera01,Raef LaFrentz,0.5,2002
lafrera01,Raef LaFrentz,0.54,2004
lafrera01,Raef LaFrentz,1.28,2005
lafrera01,Raef LaFrentz,0.8,2006
lambje01,Jeremy Lamb,0.35,2016
lambje01,Jeremy Lamb,0.14,2017
lambje01,Jeremy Lamb,0.26,2018
lambje01,Jeremy Lamb,0.82,2019
lambje01,Jeremy Lamb,0.48,2021
lambje01,Jeremy Lamb,0.23,2022
landajo01,Jock Landale,0.9,2024
landrca01,Carl Landry,0.24,2008
langdtr01,Trajan Langdon,0.57,2002
lavinza01,Zach LaVine,0.11,2020
lavinza01,Zach LaVine,1.43,2021
lavinza01,Zach LaVine,0.79,2022
lavinza01,Zach LaVine,1.07,2023
lavinza01,Zach LaVine,0.08,2024
lavinza01,Zach LaVine,0.07,2025
lawsoty01,Ty Lawson,1.04,2010
lawsoty01,Ty Lawson,1.98,2011
lawsoty01,Ty Lawson,2.01,2012
lawsoty01,Ty Lawson,2.18,2013
lawsoty01,Ty Lawson,1.82,2014
lawsoty01,Ty Lawson,1.78,2015
leeco01,Courtney Lee,0.1,2013
leeco01,Courtney Lee,0.36,2014
leeda02,David Lee,0.1,2006
leeda02,David Lee,1.95,2007
leeda02,David Lee,0.13,2008
leeda02,David Lee,0.22,2010
leeda02,David Lee,0.49,2014
leeda02,David Lee,0.11,2015
leeda02,David Lee,1.05,2017
leeda03,Damion Lee,0.07,2021
leesa01,Saben Lee,0.63,2022
lenal01,Alex Len,0.96,2024
leonaka01,Kawhi Leonard,1.53,2012
leonaka01,Kawhi Leonard,2.95,2013
leonaka01,Kawhi Leonard,4.14,2014
leonaka01,Kawhi Leonard,4.91,2015
leonaka01,Kawhi Leonard,6.68,2016
leonaka01,Kawhi Leonard,6.54,2017
leonaka01,Kawhi Leonard,6.11,2018
leonaka01,Kawhi Leonard,6.17,2019
leonaka01,Kawhi Leonard,6.17,2020
leonaka01,Kawhi Leonard,6.56,2021
leonaka01,Kawhi Leonard,5.05,2022
leonaka01,Kawhi Leonard,4.79,2023
leonaka01,Kawhi Leonard,5.39,2024
leonaka01,Kawhi Leonard,5.3,2025
leonaka01,Kawhi Leonard,5.86,2026
leverca01,Caris LeVert,0.2,2019
leverca01,Caris LeVert,0.99,2020
lewisra02,Rashard Lewis,0.77,2001
lewisra02,Rashard Lewis,2.88,2002
lewisra02,Rashard Lewis,0.34,2003
lewisra02,Rashard Lewis,1.61,2004
lewisra02,Rashard Lewis,2.86,2005
lewisra02,Rashard Lewis,2.31,2006
lewisra02,Rashard Lewis,2.7,2007
lewisra02,Rashard Lewis,2.75,2008
lewisra02,Rashard Lewis,3.46,2009
lewisra02,Rashard Lewis,2.77,2010
lewisra02,Rashard Lewis,0.57,2011
lillada01,Damian Lillard,0.17,2013
lillada01,Damian Lillard,1.45,2014
lillada01,Damian Lillard,2.18,2015
lillada01,Damian Lillard,2.52,2016
lillada01,Damian Lillard,3.61,2017
lillada01,Damian Lillard,3.93,2018
lillada01,Damian Lillard,4.38,2019
lillada01,Damian Lillard,4.34,2020
lillada01,Damian Lillard,4,2021
lillada01,Damian Lillard,4.3,2022
lillada01,Damian Lillard,4.52,2023
lillada01,Damian Lillard,2.63,2024
lillada01,Damian Lillard,1.63,2025
linje01,Jeremy Lin,0.15,2011
linje01,Jeremy Lin,1.76,2012
livelde01,Dereck Lively II,0.92,2024
livelde01,Dereck Lively II,1.06,2025
livelde01,Dereck Lively II,0.57,2026
livinsh01,Shaun Livingston,0.07,2010
livinsh01,Shaun Livingston,0.57,2011
livinsh01,Shaun Livingston,0.43,2014
looneke01,Kevon Looney,1.32,2018
looneke01,Kevon Looney,1.99,2019
looneke01,Kevon Looney,1.32,2020
looneke01,Kevon Looney,0.34,2021
looneke01,Kevon Looney,1.9,2022
looneke01,Kevon Looney,2.58,2023
looneke01,Kevon Looney,1.69,2024
looneke01,Kevon Looney,1.19,2025
lopezbr01,Brook Lopez,1.85,2013
lopezbr01,Brook Lopez,2.4,2014
lopezbr01,Brook Lopez,1.53,2015
lopezbr01,Brook Lopez,1.2,2016
lopezbr01,Brook Lopez,1.35,2017
lopezbr01,Brook Lopez,0.65,2018
lopezbr01,Brook Lopez,2.76,2019
lopezbr01,Brook Lopez,2.44,2020
lopezbr01,Brook Lopez,2.46,2021
lopezbr01,Brook Lopez,1.74,2022
lopezbr01,Brook Lopez,2.29,2023
lopezbr01,Brook Lopez,1.48,2024
lopezbr01,Brook Lopez,0.51,2025
lopezro01,Robin Lopez,1.78,2014
lopezro01,Robin Lopez,1.77,2015
lopezro01,Robin Lopez,0.46,2016
lopezro01,Robin Lopez,0.88,2017
lopezro01,Robin Lopez,0.34,2019
loveke01,Kevin Love,0.63,2011
loveke01,Kevin Love,1.78,2012
loveke01,Kevin Love,0.72,2013
loveke01,Kevin Love,3.96,2014
loveke01,Kevin Love,2.41,2015
loveke01,Kevin Love,2.41,2016
loveke01,Kevin Love,2.56,2017
loveke01,Kevin Love,1.23,2018
loveke01,Kevin Love,1.9,2019
loveke01,Kevin Love,0.19,2024
lowryky01,Kyle Lowry,0.3,2007
lowryky01,Kyle Lowry,1.2,2008
lowryky01,Kyle Lowry,0.47,2009
lowryky01,Kyle Lowry,0.94,2010
lowryky01,Kyle Lowry,2.08,2011
lowryky01,Kyle Lowry,2.5,2012
lowryky01,Kyle Lowry,1.54,2013
lowryky01,Kyle Lowry,3.07,2014
lowryky01,Kyle Lowry,2.33,2015
lowryky01,Kyle Lowry,5.32,2016
lowryky01,Kyle Lowry,5.48,2017
lowryky01,Kyle Lowry,4.19,2018
lowryky01,Kyle Lowry,4.27,2019
lowryky01,Kyle Lowry,4.59,2020
lowryky01,Kyle Lowry,2.69,2021
lowryky01,Kyle Lowry,1.43,2022
lowryky01,Kyle Lowry,0.41,2023
lylestr01,Trey Lyles,0.49,2024
lynchge01,George Lynch,0.82,2001
lynchge01,George Lynch,0.87,2003
macksh01,Shelvin Mack,0.15,2016
maggeco01,Corey Maggette,0.19,2004
maggeco01,Corey Maggette,0.6,2005
maggeco01,Corey Maggette,1.44,2006
maggeco01,Corey Maggette,1.17,2007
maggeco01,Corey Maggette,1.26,2008
magloja01,Jamaal Magloire,1.23,2002
magloja01,Jamaal Magloire,0.23,2003
mahinia01,Ian Mahinmi,0.69,2012
mahinia01,Ian Mahinmi,1.89,2016
mahinia01,Ian Mahinmi,1.25,2017
mahinia01,Ian Mahinmi,0.38,2018
mahinia01,Ian Mahinmi,0.5,2019
majerda01,Dan Majerle,0.27,2001
malonka01,Karl Malone,4.2,2001
malonka01,Karl Malone,2.1,2002
malonka01,Karl Malone,1.89,2003
malonka01,Karl Malone,0.71,2004
mamuksa01,Sandro Mamukelashvili,0.43,2025
mamuksa01,Sandro Mamukelashvili,1.41,2026
mannte01,Terance Mann,0.32,2023
marbust01,Stephon Marbury,0.75,2001
marbust01,Stephon Marbury,0.36,2003
marbust01,Stephon Marbury,0.38,2004
marbust01,Stephon Marbury,1.13,2005
mariosh01,Shawn Marion,3.03,2001
mariosh01,Shawn Marion,1.72,2002
mariosh01,Shawn Marion,3.32,2003
mariosh01,Shawn Marion,2.38,2004
mariosh01,Shawn Marion,4.64,2005
mariosh01,Shawn Marion,5.27,2006
mariosh01,Shawn Marion,5.36,2007
mariosh01,Shawn Marion,2.94,2008
mariosh01,Shawn Marion,1.56,2009
mariosh01,Shawn Marion,1.75,2010
mariosh01,Shawn Marion,0.7,2011
mariosh01,Shawn Marion,0.47,2012
marjabo01,Boban Marjanović,1.24,2016
marjabo01,Boban Marjanović,1.69,2017
marjabo01,Boban Marjanović,1.22,2018
marjabo01,Boban Marjanović,1.42,2019
marjabo01,Boban Marjanović,0.82,2020
marjabo01,Boban Marjanović,0.21,2021
markkla01,Lauri Markkanen,0.07,2022
markkla01,Lauri Markkanen,1.86,2023
markkla01,Lauri Markkanen,1.94,2024
markkla01,Lauri Markkanen,0.79,2025
markkla01,Lauri Markkanen,1.63,2026
marshdo01,Donyell Marshall,1.63,2001
martica02,Caleb Martin,0.71,2022
martica02,Caleb Martin,1.23,2023
martica02,Caleb Martin,0.26,2024
martico01,Cody Martin,1.01,2022
martico01,Cody Martin,0.01,2023
martike01,Kenyon Martin,0.18,2002
martike01,Kenyon Martin,1.01,2003
martike01,Kenyon Martin,1.67,2004
martike01,Kenyon Martin,2.05,2005
martike01,Kenyon Martin,1.5,2006
martike01,Kenyon Martin,1.36,2007
martike01,Kenyon Martin,1.16,2008
martike01,Kenyon Martin,1.88,2009
martike01,Kenyon Martin,0.03,2011
martike02,Kevin Martin,0.96,2011
martike02,Kevin Martin,0.45,2013
martike02,Kevin Martin,0.26,2014
mashbja01,Jamal Mashburn,0.88,2001
mashbja01,Jamal Mashburn,0.79,2002
mashbja01,Jamal Mashburn,0.87,2003
mashbja01,Jamal Mashburn,0.57,2004
mashbja01,Jamal Mashburn,0.18,2005
matthwe02,Wesley Matthews,1.08,2011
matthwe02,Wesley Matthews,1.07,2012
matthwe02,Wesley Matthews,0.53,2013
matthwe02,Wesley Matthews,0.79,2014
matthwe02,Wesley Matthews,1.21,2015
matthwe02,Wesley Matthews,0.09,2016
maxeyty01,Tyrese Maxey,0.94,2023
maxeyty01,Tyrese Maxey,1.96,2024
maxeyty01,Tyrese Maxey,0.87,2025
maxeyty01,Tyrese Maxey,1.8,2026
mayooj01,O.J. Mayo,0.19,2011
mayooj01,O.J. Mayo,0.02,2012
mayse01,Sean May,0.21,2007
mbahalu01,Luc Mbah a Moute,0.79,2009
mbahalu01,Luc Mbah a Moute,1.33,2010
mbahalu01,Luc Mbah a Moute,1.58,2011
mbahalu01,Luc Mbah a Moute,1.13,2012
mbahalu01,Luc Mbah a Moute,0.17,2013
mbahalu01,Luc Mbah a Moute,1.1,2016
mbahalu01,Luc Mbah a Moute,1.55,2017
mbahalu01,Luc Mbah a Moute,0.83,2018
mbahalu01,Luc Mbah a Moute,0.21,2019
mcbrimi01,Miles McBride,0.95,2026
mccanra01,Rashad McCants,0.76,2008
mccanra01,Rashad McCants,0.04,2009
mccolcj01,CJ McCollum,1.4,2016
mccolcj01,CJ McCollum,1.99,2017
mccolcj01,CJ McCollum,1.87,2018
mccolcj01,CJ McCollum,2.57,2019
mccolcj01,CJ McCollum,2.01,2020
mccolcj01,CJ McCollum,2.74,2021
mccolcj01,CJ McCollum,1.63,2022
mccolcj01,CJ McCollum,0.41,2023
mccolcj01,CJ McCollum,0.42,2024
mccolcj01,CJ McCollum,1.15,2026
mccontj01,T.J. McConnell,0.33,2021
mccontj01,T.J. McConnell,0.36,2023
mccontj01,T.J. McConnell,1.57,2024
mcculch01,Chris McCullough,0.21,2018
mcdanja02,Jaden McDaniels,0.26,2024
mcdanja02,Jaden McDaniels,1.2,2025
mcdanja02,Jaden McDaniels,0.22,2026
mcdyean01,Antonio McDyess,1.12,2001
mcdyean01,Antonio McDyess,1.16,2002
mcdyean01,Antonio McDyess,1.14,2007
mcdyean01,Antonio McDyess,0.48,2008
mcdyean01,Antonio McDyess,0.14,2010
mcgeeja01,JaVale McGee,0.64,2017
mcgeeja01,JaVale McGee,0.05,2020
mcgratr01,Tracy McGrady,3.33,2001
mcgratr01,Tracy McGrady,4.33,2002
mcgratr01,Tracy McGrady,4.74,2003
mcgratr01,Tracy McGrady,3.95,2004
mcgratr01,Tracy McGrady,4.91,2005
mcgratr01,Tracy McGrady,3.53,2006
mcgratr01,Tracy McGrady,4.7,2007
mcgratr01,Tracy McGrady,3.28,2008
mcgratr01,Tracy McGrady,1.39,2009
mckieaa01,Aaron McKie,1.51,2001
mckieaa01,Aaron McKie,1.41,2002
mckieaa01,Aaron McKie,1.42,2003
mckieaa01,Aaron McKie,1.03,2004
mckieaa01,Aaron McKie,0.48,2005
mclaujo01,Jordan McLaughlin,0.1,2020
mclaujo01,Jordan McLaughlin,0.38,2022
mclaujo01,Jordan McLaughlin,0.03,2023
mclaujo01,Jordan McLaughlin,1.19,2024
mclaujo01,Jordan McLaughlin,0.89,2025
mclembe01,Ben McLemore,0.23,2020
mcrobjo01,Josh McRoberts,0.56,2011
mcrobjo01,Josh McRoberts,0.79,2014
mcrobjo01,Josh McRoberts,0.69,2015
meeksjo01,Jodie Meeks,0.54,2011
meeksjo01,Jodie Meeks,0.03,2017
mejrisa01,Salah Mejri,0.16,2017
mejrisa01,Salah Mejri,1.19,2018
mejrisa01,Salah Mejri,0.96,2019
meltode01,De'Anthony Melton,1.11,2021
meltode01,De'Anthony Melton,0.94,2022
meltode01,De'Anthony Melton,1.08,2023
meltode01,De'Anthony Melton,1.35,2024
meltode01,De'Anthony Melton,0.23,2025
meltode01,De'Anthony Melton,0.6,2026
merrisa01,Sam Merrill,0.12,2025
merrisa01,Sam Merrill,0.22,2026
middlkh01,Khris Middleton,2.03,2015
middlkh01,Khris Middleton,2.26,2016
middlkh01,Khris Middleton,2.79,2017
middlkh01,Khris Middleton,2.66,2018
middlkh01,Khris Middleton,3.13,2019
middlkh01,Khris Middleton,3.6,2020
middlkh01,Khris Middleton,2.47,2021
middlkh01,Khris Middleton,2.38,2022
middlkh01,Khris Middleton,1.92,2023
middlkh01,Khris Middleton,1.59,2024
middlkh01,Khris Middleton,0.02,2025
milescj01,C.J. Miles,0.48,2008
milescj01,C.J. Miles,0.24,2010
milescj01,C.J. Miles,0.43,2011
milescj01,C.J. Miles,0.42,2012
milescj01,C.J. Miles,0.51,2013
milescj01,C.J. Miles,1.79,2014
milescj01,C.J. Miles,1.91,2015
milescj01,C.J. Miles,0.39,2017
milescj01,C.J. Miles,0.61,2018
milesda01,Darius Miles,0.66,2001
milesda01,Darius Miles,1.76,2002
milesda01,Darius Miles,0.15,2004
milesda01,Darius Miles,0.59,2005
milicda01,Darko Miličić,0.23,2007
millean02,Andre Miller,2.22,2001
millean02,Andre Miller,2.14,2002
millean02,Andre Miller,1.94,2004
millean02,Andre Miller,2.27,2005
millean02,Andre Miller,2.27,2006
millean02,Andre Miller,0.88,2007
millean02,Andre Miller,0.84,2008
millean02,Andre Miller,1.54,2009
millean02,Andre Miller,1.98,2010
millean02,Andre Miller,1.88,2011
millean02,Andre Miller,1.11,2012
millean02,Andre Miller,0.27,2013
millebr01,Brad Miller,0.11,2001
millebr01,Brad Miller,1.22,2002
millebr01,Brad Miller,2.25,2003
millebr01,Brad Miller,3.7,2004
millebr01,Brad Miller,3.38,2005
millebr01,Brad Miller,3.4,2006
millebr01,Brad Miller,2.4,2007
millebr01,Brad Miller,3.17,2008
millebr01,Brad Miller,1.61,2009
millebr01,Brad Miller,0.72,2010
millebr02,Brandon Miller,0.78,2026
milleda01,Darius Miller,0.46,2021
millemi01,Mike Miller,0.43,2001
millemi01,Mike Miller,0.9,2003
millemi01,Mike Miller,0.99,2004
millemi01,Mike Miller,2.03,2005
millemi01,Mike Miller,1.47,2006
millemi01,Mike Miller,0.24,2007
millemi01,Mike Miller,0.38,2008
millemi01,Mike Miller,0.12,2012
millere01,Reggie Miller,0.88,2001
millere01,Reggie Miller,0.75,2002
millere01,Reggie Miller,0.24,2003
millere01,Reggie Miller,0.95,2004
millere01,Reggie Miller,0.04,2005
millsel01,Elijah Millsap,0.15,2016
millspa01,Paul Millsap,2.06,2007
millspa01,Paul Millsap,0.86,2008
millspa01,Paul Millsap,1.93,2009
millspa01,Paul Millsap,2.43,2010
millspa01,Paul Millsap,2.9,2011
millspa01,Paul Millsap,3.31,2012
millspa01,Paul Millsap,2.88,2013
millspa01,Paul Millsap,3.53,2014
millspa01,Paul Millsap,3.88,2015
millspa01,Paul Millsap,3.57,2016
millspa01,Paul Millsap,2.92,2017
millspa01,Paul Millsap,1.74,2018
millspa01,Paul Millsap,2.33,2019
millspa01,Paul Millsap,1.31,2020
millspa01,Paul Millsap,2.03,2021
millspa02,Patty Mills,2.38,2014
millspa02,Patty Mills,1.7,2015
millspa02,Patty Mills,1.61,2016
millspa02,Patty Mills,1.34,2017
millspa02,Patty Mills,0.18,2018
millspa02,Patty Mills,0.76,2019
millspa02,Patty Mills,1.18,2020
mingya01,Yao Ming,1.18,2003
mingya01,Yao Ming,2.64,2004
mingya01,Yao Ming,3.13,2005
mingya01,Yao Ming,2.41,2006
mingya01,Yao Ming,2.91,2007
mingya01,Yao Ming,3.03,2008
mingya01,Yao Ming,3.74,2009
mingya01,Yao Ming,3.35,2010
mingya01,Yao Ming,1.77,2011
minotjo01,Josh Minott,1.18,2025
minotjo01,Josh Minott,1.23,2026
mirotni01,Nikola Mirotić,1.53,2015
mirotni01,Nikola Mirotić,1.32,2016
mirotni01,Nikola Mirotić,1.4,2017
mirotni01,Nikola Mirotić,1.37,2018
mirotni01,Nikola Mirotić,0.42,2019
mitchaj01,Ajay Mitchell,1.25,2026
mitchdo01,Donovan Mitchell,1.32,2018
mitchdo01,Donovan Mitchell,2.82,2019
mitchdo01,Donovan Mitchell,2.37,2020
mitchdo01,Donovan Mitchell,3.25,2021
mitchdo01,Donovan Mitchell,3.51,2022
mitchdo01,Donovan Mitchell,3.62,2023
mitchdo01,Donovan Mitchell,4.8,2024
mitchdo01,Donovan Mitchell,4.85,2025
mitchdo01,Donovan Mitchell,4.26,2026
moblecu01,Cuttino Mobley,0.93,2001
moblecu01,Cuttino Mobley,0.67,2002
moblecu01,Cuttino Mobley,0.9,2003
moblecu01,Cuttino Mobley,1.11,2004
moblecu01,Cuttino Mobley,0.12,2005
moblecu01,Cuttino Mobley,0.37,2006
mobleev01,Evan Mobley,0.9,2023
mobleev01,Evan Mobley,0.91,2024
mobleev01,Evan Mobley,3.38,2025
mobleev01,Evan Mobley,2.41,2026
monrogr01,Greg Monroe,0.79,2011
monrogr01,Greg Monroe,0.18,2015
monrogr01,Greg Monroe,0.59,2016
monrogr01,Greg Monroe,1.15,2017
moodymo01,Moses Moody,0.13,2024
moodymo01,Moses Moody,0.06,2025
moodymo01,Moses Moody,0.51,2026
moonja01,Jamario Moon,1.79,2008
moonja01,Jamario Moon,1.18,2009
moonja01,Jamario Moon,0.51,2010
mooreet01,E'Twaun Moore,0.03,2016
mooreet01,E'Twaun Moore,0.51,2018
mooreet01,E'Twaun Moore,0.18,2019
mooremi01,Mikki Moore,1.17,2007
mooremi01,Mikki Moore,0.1,2008
moranja01,Ja Morant,2.45,2022
moranja01,Ja Morant,2.18,2023
moranja01,Ja Morant,1.96,2024
moranja01,Ja Morant,2.29,2025
moranja01,Ja Morant,0.84,2026
morrima02,Markieff Morris,0.08,2015
morrima02,Markieff Morris,0.06,2016
morrima02,Markieff Morris,0.8,2017
morrima02,Markieff Morris,0.48,2018
morrima03,Marcus Morris,1.41,2020
morrimo01,Monte Morris,0.61,2022
morrimo01,Monte Morris,0.19,2025
morroan01,Anthony Morrow,0.28,2015
mournal01,Alonzo Mourning,4.78,2001
mournal01,Alonzo Mourning,3.12,2002
mournal01,Alonzo Mourning,2.77,2003
mournal01,Alonzo Mourning,1.16,2004
mournal01,Alonzo Mourning,0.27,2005
mournal01,Alonzo Mourning,2.81,2006
mournal01,Alonzo Mourning,1.09,2007
mournal01,Alonzo Mourning,0.29,2008
mozgoti01,Timofey Mozgov,0.59,2015
murphtr01,Troy Murphy,0.03,2009
murphtr02,Trey Murphy III,0.96,2023
murphtr02,Trey Murphy III,1.56,2024
murphtr02,Trey Murphy III,0.04,2026
murraco01,Collin Murray-Boyles,0.85,2026
murrade01,Dejounte Murray,1.5,2018
murrade01,Dejounte Murray,1.33,2019
murrade01,Dejounte Murray,0.54,2021
murrade01,Dejounte Murray,2.18,2022
murrade01,Dejounte Murray,0.2,2023
murrade01,Dejounte Murray,0.17,2024
murrade01,Dejounte Murray,0.56,2026
murraja01,Jamal Murray,0.37,2018
murraja01,Jamal Murray,1.09,2019
murraja01,Jamal Murray,2.15,2020
murraja01,Jamal Murray,1.92,2021
murraja01,Jamal Murray,1.33,2022
murraja01,Jamal Murray,2.36,2023
murraja01,Jamal Murray,2.12,2024
murraja01,Jamal Murray,2.66,2025
murraja01,Jamal Murray,2.84,2026
murrake02,Keegan Murray,0.52,2024
murrake02,Keegan Murray,0.26,2025
murrakr01,Kris Murray,0.45,2026
murraro01,Ronald Murray,1.61,2009
muscami01,Mike Muscala,0.63,2018
muscami01,Mike Muscala,0.02,2019
muscami01,Mike Muscala,1.11,2022
muscami01,Mike Muscala,0.72,2023
mutomdi01,Dikembe Mutombo,3.88,2001
mutomdi01,Dikembe Mutombo,3.08,2002
mutomdi01,Dikembe Mutombo,0.52,2003
mutomdi01,Dikembe Mutombo,1.42,2005
najered01,Eduardo Nájera,0.18,2002
najered01,Eduardo Nájera,0.94,2003
najered01,Eduardo Nájera,1.12,2004
najered01,Eduardo Nájera,0.26,2006
najered01,Eduardo Nájera,0.38,2007
najered01,Eduardo Nájera,1.47,2008
najered01,Eduardo Nájera,0.15,2009
nancela02,Larry Nance Jr.,0.68,2016
nancela02,Larry Nance Jr.,0.59,2017
nancela02,Larry Nance Jr.,1.99,2018
nancela02,Larry Nance Jr.,0.82,2019
nancela02,Larry Nance Jr.,1.04,2020
nancela02,Larry Nance Jr.,0.86,2021
nancela02,Larry Nance Jr.,1.16,2022
nancela02,Larry Nance Jr.,2.27,2023
nancela02,Larry Nance Jr.,1.54,2024
napiesh01,Shabazz Napier,0.28,2018
napiesh01,Shabazz Napier,0.44,2019
napiesh01,Shabazz Napier,0.27,2020
nashst01,Steve Nash,2.19,2001
nashst01,Steve Nash,2.18,2002
nashst01,Steve Nash,2.04,2003
nashst01,Steve Nash,1.16,2004
nashst01,Steve Nash,4.31,2005
nashst01,Steve Nash,4.97,2006
nashst01,Steve Nash,5.49,2007
nashst01,Steve Nash,5.73,2008
nashst01,Steve Nash,4.55,2009
nashst01,Steve Nash,4.92,2010
nashst01,Steve Nash,4.46,2011
nashst01,Steve Nash,4.37,2012
nashst01,Steve Nash,1.95,2013
nelsoja01,Jameer Nelson,1.75,2006
nelsoja01,Jameer Nelson,0.2,2007
nelsoja01,Jameer Nelson,1.64,2008
nelsoja01,Jameer Nelson,3.25,2009
nelsoja01,Jameer Nelson,3.39,2010
nelsoja01,Jameer Nelson,3,2011
nelsoja01,Jameer Nelson,2.99,2012
nelsoja01,Jameer Nelson,1.49,2013
nelsoja01,Jameer Nelson,0.03,2014
nembhan01,Andrew Nembhard,0.14,2025
nesmiaa01,Aaron Nesmith,1.1,2025
nestera01,Rasho Nesterović,0.55,2003
nestera01,Rasho Nesterović,0.97,2004
nestera01,Rasho Nesterović,1.68,2005
nestera01,Rasho Nesterović,1.35,2006
nestera01,Rasho Nesterović,0.62,2007
nestera01,Rasho Nesterović,0.08,2008
netora01,Raul Neto,0.21,2017
noahjo01,Joakim Noah,1.37,2008
noahjo01,Joakim Noah,1.49,2009
noahjo01,Joakim Noah,1.14,2010
noahjo01,Joakim Noah,1.8,2011
noahjo01,Joakim Noah,1.76,2012
noahjo01,Joakim Noah,1.49,2013
noahjo01,Joakim Noah,2.73,2014
noahjo01,Joakim Noah,1.95,2015
noahjo01,Joakim Noah,0.82,2016
noahjo01,Joakim Noah,0.13,2019
noelne01,Nerlens Noel,0.37,2016
noelne01,Nerlens Noel,0.61,2017
noelne01,Nerlens Noel,0.22,2020
noelne01,Nerlens Noel,0.65,2021
noguelu01,Lucas Nogueira,0.78,2017
noguelu01,Lucas Nogueira,1.35,2018
novakst01,Steve Novak,1.37,2012
novakst01,Steve Novak,0.36,2013
novakst01,Steve Novak,0.07,2014
nowitdi01,Dirk Nowitzki,4.07,2001
nowitdi01,Dirk Nowitzki,4.23,2002
nowitdi01,Dirk Nowitzki,5.87,2003
nowitdi01,Dirk Nowitzki,4.87,2004
nowitdi01,Dirk Nowitzki,6.73,2005
nowitdi01,Dirk Nowitzki,7.24,2006
nowitdi01,Dirk Nowitzki,7.94,2007
nowitdi01,Dirk Nowitzki,7.25,2008
nowitdi01,Dirk Nowitzki,5.95,2009
nowitdi01,Dirk Nowitzki,5.75,2010
nowitdi01,Dirk Nowitzki,6.46,2011
nowitdi01,Dirk Nowitzki,5.8,2012
nowitdi01,Dirk Nowitzki,3.68,2013
nowitdi01,Dirk Nowitzki,4.24,2014
nowitdi01,Dirk Nowitzki,1.87,2015
nowitdi01,Dirk Nowitzki,2.21,2016
nowitdi01,Dirk Nowitzki,0.17,2017
nurkiju01,Jusuf Nurkić,0.36,2016
nurkiju01,Jusuf Nurkić,1.58,2017
nurkiju01,Jusuf Nurkić,1.56,2018
nurkiju01,Jusuf Nurkić,2.53,2019
nurkiju01,Jusuf Nurkić,1.83,2020
nurkiju01,Jusuf Nurkić,2.71,2021
nurkiju01,Jusuf Nurkić,2.26,2022
nurkiju01,Jusuf Nurkić,1.61,2023
nurkiju01,Jusuf Nurkić,2.71,2024
nurkiju01,Jusuf Nurkić,0.98,2025
nwabada01,David Nwaba,0.41,2020
nwabada01,David Nwaba,0.93,2021
nwabada01,David Nwaba,1.32,2022
odengr01,Greg Oden,1.13,2009
odengr01,Greg Oden,1.69,2010
odengr01,Greg Oden,1.91,2011
odengr01,Greg Oden,1.29,2012
odomla01,Lamar Odom,1.84,2001
odomla01,Lamar Odom,2.04,2002
odomla01,Lamar Odom,0.04,2003
odomla01,Lamar Odom,1.46,2004
odomla01,Lamar Odom,0.26,2005
odomla01,Lamar Odom,2.01,2006
odomla01,Lamar Odom,1.64,2007
odomla01,Lamar Odom,3.31,2008
odomla01,Lamar Odom,5.04,2009
odomla01,Lamar Odom,4.27,2010
odomla01,Lamar Odom,3.72,2011
odomla01,Lamar Odom,0.4,2013
okafoem01,Emeka Okafor,0.32,2007
okafoem01,Emeka Okafor,0.51,2009
okafoem01,Emeka Okafor,0.85,2011
okafoem01,Emeka Okafor,0.12,2013
okogijo01,Josh Okogie,0.03,2021
okogijo01,Josh Okogie,0.27,2022
okogijo01,Josh Okogie,1.36,2023
okogijo01,Josh Okogie,0.48,2024
okogijo01,Josh Okogie,1.77,2025
okogijo01,Josh Okogie,0.08,2026
okongon01,Onyeka Okongwu,0.21,2022
okongon01,Onyeka Okongwu,1.3,2023
okongon01,Onyeka Okongwu,0.22,2024
okongon01,Onyeka Okongwu,1.34,2025
okongon01,Onyeka Okongwu,1.36,2026
okorois01,Isaac Okoro,0.37,2023
okorois01,Isaac Okoro,0.53,2024
okorois01,Isaac Okoro,0.74,2025
okurme01,Mehmet Okur,0.63,2006
okurme01,Mehmet Okur,0.21,2007
okurme01,Mehmet Okur,0.65,2008
okurme01,Mehmet Okur,0.41,2009
okurme01,Mehmet Okur,0.69,2010
okurme01,Mehmet Okur,0.27,2011
oladivi01,Victor Oladipo,0.47,2015
oladivi01,Victor Oladipo,1.68,2016
oladivi01,Victor Oladipo,1.11,2017
oladivi01,Victor Oladipo,4.63,2018
oladivi01,Victor Oladipo,3.78,2019
oladivi01,Victor Oladipo,2.23,2020
olajuha01,Hakeem Olajuwon,1.86,2001
olynyke01,Kelly Olynyk,1.66,2015
olynyke01,Kelly Olynyk,0.89,2016
olynyke01,Kelly Olynyk,0.29,2017
olynyke01,Kelly Olynyk,1.91,2018
olynyke01,Kelly Olynyk,1.01,2019
olynyke01,Kelly Olynyk,0.51,2020
olynyke01,Kelly Olynyk,0.96,2021
olynyke01,Kelly Olynyk,0.59,2022
olynyke01,Kelly Olynyk,0.6,2023
olynyke01,Kelly Olynyk,0.36,2025
onealje01,Jermaine O'Neal,1.04,2002
onealje01,Jermaine O'Neal,2.29,2003
onealje01,Jermaine O'Neal,3.61,2004
onealje01,Jermaine O'Neal,2.75,2005
onealje01,Jermaine O'Neal,2.78,2006
onealje01,Jermaine O'Neal,1.94,2007
onealje01,Jermaine O'Neal,1.08,2008
onealje01,Jermaine O'Neal,0.76,2009
onealje01,Jermaine O'Neal,2.18,2010
onealje01,Jermaine O'Neal,0.81,2011
onealje01,Jermaine O'Neal,0.98,2012
onealro01,Royce O'Neale,0.18,2024
onealsh01,Shaquille O'Neal,7.97,2001
onealsh01,Shaquille O'Neal,7.88,2002
onealsh01,Shaquille O'Neal,7.04,2003
onealsh01,Shaquille O'Neal,6.7,2004
onealsh01,Shaquille O'Neal,6.29,2005
onealsh01,Shaquille O'Neal,5.04,2006
onealsh01,Shaquille O'Neal,3.69,2007
onealsh01,Shaquille O'Neal,1.92,2008
onealsh01,Shaquille O'Neal,0.95,2009
onealsh01,Shaquille O'Neal,0.7,2010
onealsh01,Shaquille O'Neal,1.58,2011
oquinky01,Kyle O'Quinn,0.3,2015
oquinky01,Kyle O'Quinn,0.67,2018
ostergr01,Greg Ostertag,0.9,2001
ostergr01,Greg Ostertag,0.97,2002
ostergr01,Greg Ostertag,2.46,2003
ostergr01,Greg Ostertag,1.92,2004
ostergr01,Greg Ostertag,1.28,2005
oubreke01,Kelly Oubre Jr.,0.5,2020
outlabo01,Bo Outlaw,3.92,2001
outlabo01,Bo Outlaw,2.41,2002
outlabo01,Bo Outlaw,1.67,2003
outlabo01,Bo Outlaw,2.42,2004
pachuza01,Zaza Pachulia,0.03,2007
pachuza01,Zaza Pachulia,0.55,2009
pachuza01,Zaza Pachulia,0.62,2015
pachuza01,Zaza Pachulia,1.07,2017
pachuza01,Zaza Pachulia,0.99,2018
padgesc01,Scott Padgett,0.65,2004
padgesc01,Scott Padgett,1.31,2005
parkean01,Anthony Parker,1.14,2007
parkean01,Anthony Parker,1.33,2008
parkean01,Anthony Parker,0.04,2009
parkean01,Anthony Parker,0.31,2010
parkeja01,Jabari Parker,0.13,2021
parketo01,Tony Parker,0.3,2003
parketo01,Tony Parker,0.8,2004
parketo01,Tony Parker,1.16,2005
parketo01,Tony Parker,1.71,2006
parketo01,Tony Parker,1.76,2007
parketo01,Tony Parker,1.68,2008
parketo01,Tony Parker,2.25,2009
parketo01,Tony Parker,1.01,2010
parketo01,Tony Parker,0.84,2011
parketo01,Tony Parker,1.62,2012
parketo01,Tony Parker,1.76,2013
parketo01,Tony Parker,0.96,2014
parsoch01,Chandler Parsons,0.24,2012
parsoch01,Chandler Parsons,0.57,2013
parsoch01,Chandler Parsons,0.97,2014
parsoch01,Chandler Parsons,1.41,2015
parsoch01,Chandler Parsons,0.96,2016
pattepa01,Patrick Patterson,1.46,2014
pattepa01,Patrick Patterson,1.62,2015
pattepa01,Patrick Patterson,1.83,2016
pattepa01,Patrick Patterson,1.23,2017
patteru01,Ruben Patterson,1.12,2001
patteru01,Ruben Patterson,0.71,2002
patteru01,Ruben Patterson,0.45,2003
patteru01,Ruben Patterson,0.33,2004
patteru01,Ruben Patterson,0.28,2005
patteru01,Ruben Patterson,0.31,2007
paulch01,Chris Paul,2.4,2006
paulch01,Chris Paul,3.13,2007
paulch01,Chris Paul,4.63,2008
paulch01,Chris Paul,4.88,2009
paulch01,Chris Paul,5.64,2010
paulch01,Chris Paul,6.4,2011
paulch01,Chris Paul,6.63,2012
paulch01,Chris Paul,6.61,2013
paulch01,Chris Paul,7.08,2014
paulch01,Chris Paul,8.03,2015
paulch01,Chris Paul,8.14,2016
paulch01,Chris Paul,8.19,2017
paulch01,Chris Paul,6.86,2018
paulch01,Chris Paul,5.61,2019
paulch01,Chris Paul,5.68,2020
paulch01,Chris Paul,4.27,2021
paulch01,Chris Paul,4.59,2022
paulch01,Chris Paul,3.08,2023
paulch01,Chris Paul,0.19,2024
paulch01,Chris Paul,0.06,2025
payneca01,Cameron Payne,0.73,2021
paytoel01,Elfrid Payton,0.75,2015
paytoel01,Elfrid Payton,0.13,2016
paytoel01,Elfrid Payton,0.54,2017
paytoel01,Elfrid Payton,0.79,2020
paytoga01,Gary Payton,2.42,2001
paytoga01,Gary Payton,2.67,2002
paytoga01,Gary Payton,1.09,2003
paytoga01,Gary Payton,0.54,2004
paytoga01,Gary Payton,0.22,2005
paytoga02,Gary Payton II,1.66,2022
paytoga02,Gary Payton II,0.74,2023
paytoga02,Gary Payton II,0.77,2024
paytoga02,Gary Payton II,0.97,2025
pekovni01,Nikola Peković,1.57,2014
pekovni01,Nikola Peković,0.43,2015
perkike01,Kendrick Perkins,0.41,2006
perkike01,Kendrick Perkins,0.77,2008
perkike01,Kendrick Perkins,1.53,2009
perkike01,Kendrick Perkins,1.73,2010
perkike01,Kendrick Perkins,0.72,2011
persowe01,Wesley Person,0.24,2002
petermo01,Morris Peterson,0.03,2001
petermo01,Morris Peterson,0.27,2002
petermo01,Morris Peterson,0.59,2004
petermo01,Morris Peterson,0.75,2005
petermo01,Morris Peterson,0.19,2006
petermo01,Morris Peterson,0.06,2008
piercpa01,Paul Pierce,3.76,2001
piercpa01,Paul Pierce,4.54,2002
piercpa01,Paul Pierce,4.57,2003
piercpa01,Paul Pierce,3.63,2004
piercpa01,Paul Pierce,4.41,2005
piercpa01,Paul Pierce,4.47,2006
piercpa01,Paul Pierce,4.06,2007
piercpa01,Paul Pierce,5.37,2008
piercpa01,Paul Pierce,4.13,2009
piercpa01,Paul Pierce,3.48,2010
piercpa01,Paul Pierce,4.15,2011
piercpa01,Paul Pierce,3.54,2012
piercpa01,Paul Pierce,3.19,2013
piercpa01,Paul Pierce,1.28,2014
piercpa01,Paul Pierce,0.85,2015
pietrmi01,Mickaël Piétrus,1.08,2005
pietrmi01,Mickaël Piétrus,0.47,2008
pietrmi01,Mickaël Piétrus,0.6,2009
pippesc01,Scottie Pippen,1.77,2001
pippesc01,Scottie Pippen,0.47,2002
pippesc01,Scottie Pippen,1.72,2003
pippesc02,Scotty Pippen Jr.,0.93,2025
pippesc02,Scotty Pippen Jr.,0.14,2026
plumlma01,Mason Plumlee,0.42,2016
plumlma01,Mason Plumlee,0.45,2021
plumlma01,Mason Plumlee,1.23,2022
plumlma01,Mason Plumlee,0.31,2025
podzibr01,Brandin Podziemski,0.56,2026
poeltja01,Jakob Poeltl,0.06,2017
poeltja01,Jakob Poeltl,0.65,2018
poeltja01,Jakob Poeltl,0.54,2019
poeltja01,Jakob Poeltl,1.44,2020
poeltja01,Jakob Poeltl,1.77,2021
poeltja01,Jakob Poeltl,1.63,2022
poeltja01,Jakob Poeltl,2.22,2023
poeltja01,Jakob Poeltl,2.06,2024
poeltja01,Jakob Poeltl,2.28,2025
poeltja01,Jakob Poeltl,2.29,2026
pollasc01,Scot Pollard,1.9,2001
pollasc01,Scot Pollard,1.83,2002
pollasc01,Scot Pollard,1.45,2003
pollasc01,Scot Pollard,0.71,2006
poolejo01,Jordan Poole,0.79,2022
porteke02,Kevin Porter Jr.,0.35,2023
porteke02,Kevin Porter Jr.,0.22,2025
porteke02,Kevin Porter Jr.,0.42,2026
portemi01,Michael Porter Jr.,0.31,2020
portemi01,Michael Porter Jr.,1.85,2021
portemi01,Michael Porter Jr.,1.47,2022
portemi01,Michael Porter Jr.,2.28,2023
portemi01,Michael Porter Jr.,2.1,2024
portemi01,Michael Porter Jr.,1.15,2025
portemi01,Michael Porter Jr.,1.34,2026
porteot01,Otto Porter Jr.,1.03,2016
porteot01,Otto Porter Jr.,2.2,2017
porteot01,Otto Porter Jr.,2.96,2018
porteot01,Otto Porter Jr.,2.02,2019
porteot01,Otto Porter Jr.,1.82,2020
porteot01,Otto Porter Jr.,1.14,2021
porteot01,Otto Porter Jr.,2.79,2022
porteot01,Otto Porter Jr.,1.01,2023
porteot01,Otto Porter Jr.,0.82,2024
portete01,Terry Porter,1.36,2001
portete01,Terry Porter,1.29,2002
portibo01,Bobby Portis,0.2,2018
portibo01,Bobby Portis,0.03,2021
portibo01,Bobby Portis,1.1,2022
portibo01,Bobby Portis,0.21,2023
portibo01,Bobby Portis,0.2,2025
porzikr01,Kristaps Porziņģis,1.29,2016
porzikr01,Kristaps Porziņģis,1.06,2017
porzikr01,Kristaps Porziņģis,0.94,2018
porzikr01,Kristaps Porziņģis,0.55,2019
porzikr01,Kristaps Porziņģis,2.46,2020
porzikr01,Kristaps Porziņģis,0.99,2021
porzikr01,Kristaps Porziņģis,1.42,2022
porzikr01,Kristaps Porziņģis,3.29,2023
porzikr01,Kristaps Porziņģis,3.27,2024
porzikr01,Kristaps Porziņģis,2.38,2025
porzikr01,Kristaps Porziņģis,1.26,2026
poseyja01,James Posey,0.65,2001
poseyja01,James Posey,0.36,2002
poseyja01,James Posey,0.56,2003
poseyja01,James Posey,1.91,2004
poseyja01,James Posey,0.76,2006
poseyja01,James Posey,0.47,2007
poweldw01,Dwight Powell,0.51,2017
poweldw01,Dwight Powell,1.76,2018
poweldw01,Dwight Powell,1.94,2019
poweldw01,Dwight Powell,1.87,2020
poweldw01,Dwight Powell,2.17,2021
poweldw01,Dwight Powell,1.1,2022
poweldw01,Dwight Powell,1.91,2023
poweldw01,Dwight Powell,1.56,2024
poweldw01,Dwight Powell,1.53,2025
poweldw01,Dwight Powell,0.85,2026
powele01,Leon Powe,1.15,2009
powelno01,Norman Powell,0.02,2016
powelno01,Norman Powell,0.1,2017
powelno01,Norman Powell,0.73,2020
powelno01,Norman Powell,0.66,2021
powelno01,Norman Powell,1.15,2025
powelno01,Norman Powell,0.51,2026
pressph01,Phil Pressey,0.15,2015
prigipa01,Pablo Prigioni,1.61,2013
prigipa01,Pablo Prigioni,0.11,2014
princta01,Tayshaun Prince,1.11,2003
princta01,Tayshaun Prince,1.09,2004
princta01,Tayshaun Prince,2.01,2005
princta01,Tayshaun Prince,1.88,2006
princta01,Tayshaun Prince,2.64,2007
princta01,Tayshaun Prince,2.66,2008
princta01,Tayshaun Prince,1.08,2009
princta01,Tayshaun Prince,0.9,2010
princta01,Tayshaun Prince,0.84,2011
princta01,Tayshaun Prince,0.56,2013
pritcpa01,Payton Pritchard,0.42,2022
pritcpa01,Payton Pritchard,0.52,2024
pritcpa01,Payton Pritchard,1.76,2025
pritcpa01,Payton Pritchard,0.49,2026
przybjo01,Joel Przybilla,0.23,2008
przybjo01,Joel Przybilla,1,2009
przybjo01,Joel Przybilla,0.38,2010
quetane01,Neemias Queta,0.29,2025
quetane01,Neemias Queta,1.29,2026
quickim01,Immanuel Quickley,0.32,2021
quickim01,Immanuel Quickley,1.22,2022
quickim01,Immanuel Quickley,1.73,2023
quickim01,Immanuel Quickley,0.65,2024
quickim01,Immanuel Quickley,0.7,2025
quickim01,Immanuel Quickley,0.87,2026
quinnch01,Chris Quinn,0.3,2009
radmavl01,Vladimir Radmanović,0.37,2002
radmavl01,Vladimir Radmanović,0.23,2003
radmavl01,Vladimir Radmanović,0.41,2004
radmavl01,Vladimir Radmanović,0.91,2005
radmavl01,Vladimir Radmanović,0.82,2006
radmavl01,Vladimir Radmanović,0.82,2008
radmavl01,Vladimir Radmanović,1.26,2011
radmavl01,Vladimir Radmanović,0.06,2012
randlju01,Julius Randle,0.67,2021
randlju01,Julius Randle,0.57,2023
randlju01,Julius Randle,1.91,2024
randlju01,Julius Randle,0.17,2025
randoza01,Zach Randolph,0.64,2007
randoza01,Zach Randolph,0.24,2010
randoza01,Zach Randolph,1.74,2011
randoza01,Zach Randolph,1.63,2012
randoza01,Zach Randolph,0.85,2013
randoza01,Zach Randolph,0.48,2014
randoza01,Zach Randolph,0.75,2015
ratlith01,Theo Ratliff,2.86,2001
ratlith01,Theo Ratliff,1.96,2002
ratlith01,Theo Ratliff,1.47,2003
ratlith01,Theo Ratliff,1.67,2004
ratlith01,Theo Ratliff,1.06,2005
reaveau01,Austin Reaves,0.29,2023
reaveau01,Austin Reaves,0.49,2024
reaveau01,Austin Reaves,1.55,2025
reaveau01,Austin Reaves,0.96,2026
reddmi01,Michael Redd,1.7,2002
reddmi01,Michael Redd,1.84,2003
reddmi01,Michael Redd,0.69,2004
reddmi01,Michael Redd,0.62,2005
reddmi01,Michael Redd,2.61,2006
reddmi01,Michael Redd,2.68,2007
reddmi01,Michael Redd,0.89,2008
reddmi01,Michael Redd,0.67,2009
redicjj01,JJ Redick,0.17,2014
redicjj01,JJ Redick,0.94,2015
redicjj01,JJ Redick,1.13,2016
redicjj01,JJ Redick,0.7,2017
redicjj01,JJ Redick,0.9,2018
redicjj01,JJ Redick,0.07,2019
reedpa01,Paul Reed,0.2,2022
reedpa01,Paul Reed,0.93,2023
reedpa01,Paul Reed,0.9,2024
reedpa01,Paul Reed,0.69,2025
reedpa01,Paul Reed,1.54,2026
reiddo01,Don Reid,0.07,2001
reidna01,Naz Reid,0.25,2022
reidna01,Naz Reid,0.6,2025
reidna01,Naz Reid,0.25,2026
richaja01,Jason Richardson,0.14,2004
richaja01,Jason Richardson,0.9,2005
richaja01,Jason Richardson,1.64,2006
richaja01,Jason Richardson,1.18,2007
richaja01,Jason Richardson,0.55,2008
richaja01,Jason Richardson,0.26,2009
richaja01,Jason Richardson,1.3,2010
richaja01,Jason Richardson,0.66,2011
richaja01,Jason Richardson,0.64,2012
richaja01,Jason Richardson,0.18,2013
richajo01,Josh Richardson,1.14,2018
richajo01,Josh Richardson,0.75,2019
richaqu01,Quentin Richardson,0.63,2001
richaqu01,Quentin Richardson,1.96,2002
richaqu01,Quentin Richardson,0.7,2005
richaqu01,Quentin Richardson,0.33,2010
roberan03,Andre Roberson,0.28,2015
roberan03,Andre Roberson,1.21,2016
roberan03,Andre Roberson,1.83,2017
roberan03,Andre Roberson,2.5,2018
roberan03,Andre Roberson,2.93,2019
roberan03,Andre Roberson,2.04,2020
roberan03,Andre Roberson,1.21,2021
roberla01,Lawrence Roberts,0.02,2007
robincl02,Clifford Robinson,1.48,2001
robincl02,Clifford Robinson,0.76,2002
robinda01,David Robinson,4.85,2001
robinda01,David Robinson,4.27,2002
robinda01,David Robinson,3.59,2003
robindu01,Duncan Robinson,0.71,2020
robindu01,Duncan Robinson,0.77,2021
robindu01,Duncan Robinson,0.11,2022
robindu01,Duncan Robinson,0.56,2026
robined01,Eddie Robinson,0.41,2001
robined01,Eddie Robinson,0.1,2003
robingl01,Glenn Robinson,1.15,2001
robingl01,Glenn Robinson,0.1,2002
robinmi01,Mitchell Robinson,0.51,2019
robinmi01,Mitchell Robinson,1.2,2020
robinmi01,Mitchell Robinson,1.24,2021
robinmi01,Mitchell Robinson,1.65,2022
robinmi01,Mitchell Robinson,1.68,2023
robinmi01,Mitchell Robinson,2.33,2024
robinmi01,Mitchell Robinson,2.32,2025
robinmi01,Mitchell Robinson,2.75,2026
robinna01,Nate Robinson,0.14,2006
robinna01,Nate Robinson,0.62,2007
robinna01,Nate Robinson,0.2,2008
robinna01,Nate Robinson,1.49,2009
robinna01,Nate Robinson,0.5,2012
robinna01,Nate Robinson,1.07,2013
robinna01,Nate Robinson,0.77,2014
rogerro01,Rodney Rogers,0.86,2002
rolliry01,Ryan Rollins,0.67,2024
rolliry01,Ryan Rollins,1.2,2026
rondora01,Rajon Rondo,0.26,2007
rondora01,Rajon Rondo,1.33,2008
rondora01,Rajon Rondo,1.18,2009
rondora01,Rajon Rondo,0.79,2010
rondora01,Rajon Rondo,0.49,2011
rondora01,Rajon Rondo,0.77,2012
rondora01,Rajon Rondo,0.65,2013
rosede01,Derrick Rose,2.31,2011
rosede01,Derrick Rose,2.73,2012
rosede01,Derrick Rose,2.66,2013
rosede01,Derrick Rose,0.21,2014
rosede01,Derrick Rose,0.88,2015
rosede01,Derrick Rose,0.59,2021
rosede01,Derrick Rose,0.24,2022
rosema01,Malik Rose,0.8,2002
rosema01,Malik Rose,0.47,2003
rosste01,Terrence Ross,0.11,2018
rosste01,Terrence Ross,0.22,2019
roybr01,Brandon Roy,0.25,2007
roybr01,Brandon Roy,1.23,2008
roybr01,Brandon Roy,3.36,2009
roybr01,Brandon Roy,2.08,2010
roybr01,Brandon Roy,0.65,2011
roziete01,Terry Rozier,0.63,2018
roziete01,Terry Rozier,0.89,2022
rubiori01,Ricky Rubio,2.07,2012
rubiori01,Ricky Rubio,1.3,2013
rubiori01,Ricky Rubio,3.21,2014
rubiori01,Ricky Rubio,2.82,2015
rubiori01,Ricky Rubio,3.57,2016
rubiori01,Ricky Rubio,2.27,2017
rubiori01,Ricky Rubio,3.11,2018
rubiori01,Ricky Rubio,3.6,2019
rubiori01,Ricky Rubio,2.87,2020
rubiori01,Ricky Rubio,0.83,2021
rubiori01,Ricky Rubio,0.81,2022
rushbr01,Brandon Rush,0.02,2012
rushbr01,Brandon Rush,0.68,2013
russebr01,Bryon Russell,2.26,2001
russebr01,Bryon Russell,1.05,2002
russeda01,D'Angelo Russell,0.61,2019
russeda01,D'Angelo Russell,0.62,2022
russeda01,D'Angelo Russell,0.5,2023
russeda01,D'Angelo Russell,0.83,2024
sabonar01,Arvydas Sabonis,2,2001
sabonar01,Arvydas Sabonis,2.88,2003
sabondo01,Domantas Sabonis,0.55,2019
sabondo01,Domantas Sabonis,1.02,2020
sabondo01,Domantas Sabonis,1.27,2021
sabondo01,Domantas Sabonis,0.63,2022
sabondo01,Domantas Sabonis,0.69,2023
sabondo01,Domantas Sabonis,1.52,2024
sabondo01,Domantas Sabonis,1.08,2025
salmojo01,John Salmons,0.72,2010
sandela01,Larry Sanders,0.21,2013
sandela01,Larry Sanders,0.26,2014
sandela01,Larry Sanders,0.18,2015
santogu01,Gui Santos,0.62,2026
saricda01,Dario Šarić,0.55,2018
satorto01,Tomáš Satoranský,0.24,2019
schrode01,Dennis Schröder,0.79,2016
schrode01,Dennis Schröder,0.46,2020
schrode01,Dennis Schröder,0.28,2023
scolalu01,Luis Scola,0.51,2011
sefolth01,Thabo Sefolosha,0.47,2009
sefolth01,Thabo Sefolosha,0.4,2010
sefolth01,Thabo Sefolosha,0.35,2011
sefolth01,Thabo Sefolosha,1.33,2012
sefolth01,Thabo Sefolosha,1.87,2013
sefolth01,Thabo Sefolosha,0.83,2014
sefolth01,Thabo Sefolosha,1.89,2015
sefolth01,Thabo Sefolosha,1.68,2016
sefolth01,Thabo Sefolosha,0.15,2017
sefolth01,Thabo Sefolosha,1.36,2018
sefolth01,Thabo Sefolosha,1.51,2019
sengual01,Alperen Şengün,0.59,2024
sengual01,Alperen Şengün,1.36,2025
sengual01,Alperen Şengün,1.2,2026
sextoco01,Collin Sexton,0.6,2024
sextoco01,Collin Sexton,0.12,2025
shamela01,Landry Shamet,0.09,2019
shamela01,Landry Shamet,0.46,2026
sharpda01,Day'Ron Sharpe,0.12,2024
sharpda01,Day'Ron Sharpe,1.03,2025
sharpda01,Day'Ron Sharpe,1.27,2026
sharpsh01,Shaedon Sharpe,0.01,2026
shumpim01,Iman Shumpert,0.67,2013
shumpim01,Iman Shumpert,1.02,2014
shumpim01,Iman Shumpert,1.01,2015
shumpim01,Iman Shumpert,0.55,2016
siakapa01,Pascal Siakam,0.65,2018
siakapa01,Pascal Siakam,1.24,2019
siakapa01,Pascal Siakam,1.26,2020
siakapa01,Pascal Siakam,1.75,2021
siakapa01,Pascal Siakam,2.83,2022
siakapa01,Pascal Siakam,2.29,2023
siakapa01,Pascal Siakam,1.72,2024
siakapa01,Pascal Siakam,2.29,2025
siakapa01,Pascal Siakam,1.05,2026
simmobe01,Ben Simmons,1.36,2018
simmobe01,Ben Simmons,1.3,2019
simmobe01,Ben Simmons,0.85,2020
simmobe01,Ben Simmons,1.96,2021
simmobe01,Ben Simmons,1.59,2022
simmobe01,Ben Simmons,0.19,2023
simmobe01,Ben Simmons,0.57,2024
simmobo01,Bobby Simmons,0.72,2005
simmobo01,Bobby Simmons,1.39,2006
simmobo01,Bobby Simmons,1.77,2007
simmobo01,Bobby Simmons,0.06,2008
simmobo01,Bobby Simmons,0.87,2009
simmobo01,Bobby Simmons,0.96,2010
simmobo01,Bobby Simmons,0.82,2011
singlja01,James Singleton,0.34,2009
smartma01,Marcus Smart,0.7,2016
smartma01,Marcus Smart,0.82,2017
smartma01,Marcus Smart,0.8,2018
smartma01,Marcus Smart,0.91,2019
smartma01,Marcus Smart,2.1,2020
smartma01,Marcus Smart,1.78,2021
smartma01,Marcus Smart,2.2,2022
smartma01,Marcus Smart,1.78,2023
smartma01,Marcus Smart,1.22,2024
smartma01,Marcus Smart,0.96,2026
smithde03,Dennis Smith Jr.,1.14,2024
smithis01,Ish Smith,0.07,2018
smithja04,Jalen Smith,1.19,2025
smithja04,Jalen Smith,1.25,2026
smithja05,Jabari Smith Jr.,0.09,2025
smithjo02,Joe Smith,1.76,2002
smithjo02,Joe Smith,0.8,2003
smithjo02,Joe Smith,0.28,2004
smithjo02,Joe Smith,0.04,2005
smithjo03,Josh Smith,0.21,2007
smithjo03,Josh Smith,1.99,2008
smithjo03,Josh Smith,2.06,2009
smithjo03,Josh Smith,2.75,2010
smithjo03,Josh Smith,2.7,2011
smithjo03,Josh Smith,3.47,2012
smithjo03,Josh Smith,2.88,2013
smithjo03,Josh Smith,0.22,2014
smithjo03,Josh Smith,1.55,2015
smithjr01,J.R. Smith,1.32,2008
smithjr01,J.R. Smith,2.34,2009
smithjr01,J.R. Smith,1.79,2010
smithjr01,J.R. Smith,1.94,2011
smithjr01,J.R. Smith,1.05,2012
smithjr01,J.R. Smith,2.32,2013
smithjr01,J.R. Smith,0.68,2014
smithjr01,J.R. Smith,1.37,2015
smithjr01,J.R. Smith,0.86,2016
smithjr01,J.R. Smith,0.19,2017
smithst01,Steve Smith,0.9,2001
snower01,Eric Snow,0.3,2001
snower01,Eric Snow,1.06,2002
snower01,Eric Snow,0.81,2003
snower01,Eric Snow,0.27,2004
songada01,Darius Songaila,0.51,2004
songada01,Darius Songaila,0.49,2005
splitti01,Tiago Splitter,0.05,2011
splitti01,Tiago Splitter,1.51,2012
splitti01,Tiago Splitter,2.58,2013
splitti01,Tiago Splitter,3.58,2014
splitti01,Tiago Splitter,3.2,2015
splitti01,Tiago Splitter,1.95,2016
splitti01,Tiago Splitter,0.69,2017
stephla01,Lance Stephenson,0.68,2013
stephla01,Lance Stephenson,0.61,2014
stockjo01,John Stockton,6.02,2001
stockjo01,John Stockton,4.76,2002
stockjo01,John Stockton,4.66,2003
stojape01,Peja Stojaković,1.24,2001
stojape01,Peja Stojaković,1.59,2002
stojape01,Peja Stojaković,2.5,2003
stojape01,Peja Stojaković,2.62,2004
stojape01,Peja Stojaković,1.63,2005
stojape01,Peja Stojaković,1.55,2006
stojape01,Peja Stojaković,0.5,2007
stojape01,Peja Stojaković,1.79,2008
stojape01,Peja Stojaković,0.81,2009
stojape01,Peja Stojaković,0.26,2010
stoudam01,Amar'e Stoudemire,0.64,2005
stoudam01,Amar'e Stoudemire,1.26,2006
stoudam01,Amar'e Stoudemire,1.92,2007
stoudam01,Amar'e Stoudemire,2.32,2008
stoudam01,Amar'e Stoudemire,2.38,2009
stoudam01,Amar'e Stoudemire,2.38,2010
stoudam01,Amar'e Stoudemire,1.97,2011
stoudam01,Amar'e Stoudemire,0.02,2012
stoudam01,Amar'e Stoudemire,0.73,2013
stoudda01,Damon Stoudamire,0.38,2001
stricer01,Erick Strickland,0.83,2001
strusma01,Max Strus,0.18,2022
strusma01,Max Strus,0.44,2025
strusma01,Max Strus,0.12,2026
stuckro01,Rodney Stuckey,0.28,2010
stuckro01,Rodney Stuckey,0.16,2011
suggsja01,Jalen Suggs,1.34,2024
suggsja01,Jalen Suggs,1.51,2025
suggsja01,Jalen Suggs,1.17,2026
surabo01,Bob Sura,0.28,2003
surabo01,Bob Sura,0.06,2004
surabo01,Bob Sura,0.31,2005
sweetmi01,Mike Sweetney,0.02,2004
swiftst01,Stromile Swift,0.25,2004
szczewa02,Wally Szczerbiak,0.16,2001
szczewa02,Wally Szczerbiak,0.92,2002
szczewa02,Wally Szczerbiak,1.08,2003
szczewa02,Wally Szczerbiak,0.53,2004
szczewa02,Wally Szczerbiak,0.46,2005
szczewa02,Wally Szczerbiak,0.68,2006
tateja01,Jae'Sean Tate,0.1,2024
tateja01,Jae'Sean Tate,0.27,2025
tatumja01,Jayson Tatum,1.39,2018
tatumja01,Jayson Tatum,1.55,2019
tatumja01,Jayson Tatum,3.82,2020
tatumja01,Jayson Tatum,2.93,2021
tatumja01,Jayson Tatum,5.24,2022
tatumja01,Jayson Tatum,4.93,2023
tatumja01,Jayson Tatum,5.1,2024
tatumja01,Jayson Tatum,5.77,2025
tatumja01,Jayson Tatum,3.24,2026
teaguje01,Jeff Teague,0.95,2012
teaguje01,Jeff Teague,0.03,2013
teaguje01,Jeff Teague,0.13,2014
teaguje01,Jeff Teague,1.6,2015
teaguje01,Jeff Teague,1.01,2016
teaguje01,Jeff Teague,0.99,2017
teaguje01,Jeff Teague,0.61,2018
terryda01,Dalen Terry,0.27,2024
terryja01,Jason Terry,0.39,2002
terryja01,Jason Terry,1.6,2005
terryja01,Jason Terry,2.12,2006
terryja01,Jason Terry,2.1,2007
terryja01,Jason Terry,1.4,2008
terryja01,Jason Terry,1.1,2009
terryja01,Jason Terry,0.39,2011
theisda01,Daniel Theis,0.56,2020
thomais02,Isaiah Thomas,0.36,2012
thomais02,Isaiah Thomas,0.21,2013
thomais02,Isaiah Thomas,1.13,2014
thomais02,Isaiah Thomas,1.49,2015
thomais02,Isaiah Thomas,0.85,2016
thomais02,Isaiah Thomas,1.68,2017
thomake01,Kenny Thomas,0.2,2003
thomakh01,Khyri Thomas,0.13,2021
thomaku01,Kurt Thomas,1.34,2001
thomaku01,Kurt Thomas,0.5,2002
thomaku01,Kurt Thomas,1.36,2003
thomaku01,Kurt Thomas,1.21,2004
thomaku01,Kurt Thomas,0.56,2005
thomaku01,Kurt Thomas,0.82,2006
thomaku01,Kurt Thomas,0.37,2007
thomati01,Tim Thomas,1.06,2001
thomati01,Tim Thomas,0.34,2002
thomati01,Tim Thomas,0.01,2003
thomati01,Tim Thomas,0.52,2007
thomati01,Tim Thomas,0.25,2009
thomaty01,Tyrus Thomas,0.61,2011
thompam01,Amen Thompson,1.47,2024
thompam01,Amen Thompson,2.33,2025
thompam01,Amen Thompson,1.21,2026
thompau01,Ausar Thompson,0.78,2025
thompau01,Ausar Thompson,0.92,2026
thompja02,Jason Thompson,0.04,2011
thompja02,Jason Thompson,1.01,2012
thompja02,Jason Thompson,0.71,2014
thompja02,Jason Thompson,0.67,2015
thompkl01,Klay Thompson,0.17,2013
thompkl01,Klay Thompson,1.91,2014
thompkl01,Klay Thompson,3.43,2015
thompkl01,Klay Thompson,3.35,2016
thompkl01,Klay Thompson,2.62,2017
thompkl01,Klay Thompson,1.53,2018
thompkl01,Klay Thompson,1.12,2019
thompkl01,Klay Thompson,1.3,2020
thompkl01,Klay Thompson,0.51,2021
thompkl01,Klay Thompson,0.49,2022
thompkl01,Klay Thompson,0.52,2023
thomptr01,Tristan Thompson,0.33,2016
thomptr01,Tristan Thompson,0.37,2017
thomptr01,Tristan Thompson,0.08,2022
thornma01,Marcus Thornton,0.34,2010
thybuma01,Matisse Thybulle,0.13,2020
thybuma01,Matisse Thybulle,0.06,2022
thybuma01,Matisse Thybulle,0.19,2023
thybuma01,Matisse Thybulle,0.34,2024
thybuma01,Matisse Thybulle,0.2,2025
thybuma01,Matisse Thybulle,0.72,2026
tinslja01,Jamaal Tinsley,0.47,2002
tinslja01,Jamaal Tinsley,0.44,2003
tinslja01,Jamaal Tinsley,1.58,2004
tinslja01,Jamaal Tinsley,2.31,2005
tinslja01,Jamaal Tinsley,0.8,2006
tinslja01,Jamaal Tinsley,0.11,2007
tinslja01,Jamaal Tinsley,0.03,2008
tollian01,Anthony Tolliver,0.32,2011
tollian01,Anthony Tolliver,0.14,2012
tollian01,Anthony Tolliver,0.1,2013
tollian01,Anthony Tolliver,0.85,2014
tollian01,Anthony Tolliver,0.55,2015
tollian01,Anthony Tolliver,0.37,2016
tollian01,Anthony Tolliver,0.97,2018
toppiob01,Obi Toppin,0.51,2022
toppiob01,Obi Toppin,0.47,2023
toppiob01,Obi Toppin,0.24,2024
townska01,Karl-Anthony Towns,1.27,2016
townska01,Karl-Anthony Towns,1.42,2017
townska01,Karl-Anthony Towns,2.36,2018
townska01,Karl-Anthony Towns,3.39,2019
townska01,Karl-Anthony Towns,3.24,2020
townska01,Karl-Anthony Towns,2.96,2021
townska01,Karl-Anthony Towns,4.32,2022
townska01,Karl-Anthony Towns,3.02,2023
townska01,Karl-Anthony Towns,3.01,2024
townska01,Karl-Anthony Towns,2.77,2025
townska01,Karl-Anthony Towns,3.35,2026
traylro01,Robert Traylor,0.04,2001
traylro01,Robert Traylor,0.46,2004
trentga02,Gary Trent Jr.,0.09,2025
tsakaja01,Jake Tsakalidis,0.69,2006
tuckepj01,P.J. Tucker,0.1,2013
tuckepj01,P.J. Tucker,0.6,2014
tuckepj01,P.J. Tucker,0.48,2015
tuckepj01,P.J. Tucker,0.67,2017
tuckepj01,P.J. Tucker,0.87,2018
tuckepj01,P.J. Tucker,0.2,2019
turiaro01,Ronny Turiaf,0.16,2010
turiaro01,Ronny Turiaf,0.3,2011
turiaro01,Ronny Turiaf,0.86,2012
turkohe01,Hedo Türkoğlu,1.51,2004
turkohe01,Hedo Türkoğlu,0.02,2005
turkohe01,Hedo Türkoğlu,0.76,2006
turkohe01,Hedo Türkoğlu,1.34,2007
turkohe01,Hedo Türkoğlu,2.65,2008
turkohe01,Hedo Türkoğlu,2.67,2009
turkohe01,Hedo Türkoğlu,0.93,2011
turkohe01,Hedo Türkoğlu,0.71,2012
turnemy01,Myles Turner,0.36,2017
turnemy01,Myles Turner,0.2,2018
turnemy01,Myles Turner,1.46,2019
turnemy01,Myles Turner,0.71,2020
turnemy01,Myles Turner,1.15,2021
turnemy01,Myles Turner,0.91,2022
turnemy01,Myles Turner,0.89,2023
turnemy01,Myles Turner,1.73,2024
turnemy01,Myles Turner,2.31,2025
udohek01,Ekpe Udoh,0.05,2012
udohek01,Ekpe Udoh,0.03,2018
udokaim01,Ime Udoka,1.01,2008
udokaim01,Ime Udoka,0.76,2009
udrihbe01,Beno Udrih,0.38,2012
valanjo01,Jonas Valančiūnas,0.07,2013
valanjo01,Jonas Valančiūnas,0.54,2020
valanjo01,Jonas Valančiūnas,2.12,2021
valanjo01,Jonas Valančiūnas,0.89,2022
vandeja01,Jarred Vanderbilt,1.1,2021
vandeja01,Jarred Vanderbilt,1.64,2022
vandeja01,Jarred Vanderbilt,0.04,2023
vandeja01,Jarred Vanderbilt,0.9,2024
vandeja01,Jarred Vanderbilt,1.19,2025
vandeja01,Jarred Vanderbilt,0.59,2026
vanexni01,Nick Van Exel,0.27,2001
vanhoke01,Keith Van Horn,0.6,2002
vanhoke01,Keith Van Horn,0.19,2003
vanhoke01,Keith Van Horn,0.37,2004
vanhoke01,Keith Van Horn,0.34,2005
vanvlfr01,Fred VanVleet,1.39,2018
vanvlfr01,Fred VanVleet,0.71,2019
vanvlfr01,Fred VanVleet,1.24,2020
vanvlfr01,Fred VanVleet,1.82,2021
vanvlfr01,Fred VanVleet,2.36,2022
vanvlfr01,Fred VanVleet,3.15,2023
vanvlfr01,Fred VanVleet,2.65,2024
vanvlfr01,Fred VanVleet,2.02,2025
vanvlfr01,Fred VanVleet,0.95,2026
varejan01,Anderson Varejão,1.34,2005
varejan01,Anderson Varejão,1.66,2006
varejan01,Anderson Varejão,2.67,2007
varejan01,Anderson Varejão,1.09,2008
varejan01,Anderson Varejão,2.78,2009
varejan01,Anderson Varejão,2.89,2010
varejan01,Anderson Varejão,1.89,2011
varejan01,Anderson Varejão,2.57,2012
varejan01,Anderson Varejão,2.22,2013
varejan01,Anderson Varejão,2.4,2014
varejan01,Anderson Varejão,1.75,2015
vasqugr01,Greivis Vásquez,0.19,2012
vasqugr01,Greivis Vásquez,0.31,2013
vasqugr01,Greivis Vásquez,0.69,2014
vassede01,Devin Vassell,1.02,2026
veselja01,Jan Veselý,0.11,2014
vucevni01,Nikola Vučević,0.28,2016
vucevni01,Nikola Vučević,0.62,2017
vucevni01,Nikola Vučević,0.81,2018
vucevni01,Nikola Vučević,2.55,2019
vucevni01,Nikola Vučević,1.79,2020
vucevni01,Nikola Vučević,0.52,2021
vujacsa01,Sasha Vujačić,0.22,2008
vukcetr01,Tristan Vukcevic,0.89,2026
wadede01,Dean Wade,0.91,2024
wadede01,Dean Wade,0.76,2025
wadede01,Dean Wade,0.8,2026
wadedw01,Dwyane Wade,0.13,2004
wadedw01,Dwyane Wade,3.47,2005
wadedw01,Dwyane Wade,5.15,2006
wadedw01,Dwyane Wade,5.18,2007
wadedw01,Dwyane Wade,3.11,2008
wadedw01,Dwyane Wade,6.36,2009
wadedw01,Dwyane Wade,7.06,2010
wadedw01,Dwyane Wade,6.67,2011
wadedw01,Dwyane Wade,6.42,2012
wadedw01,Dwyane Wade,5.47,2013
wadedw01,Dwyane Wade,3.25,2014
wadedw01,Dwyane Wade,2.21,2015
wadedw01,Dwyane Wade,1.41,2016
wagnefr01,Franz Wagner,1.65,2024
wagnefr01,Franz Wagner,2.39,2025
wagnefr01,Franz Wagner,1.55,2026
wagnemo01,Moritz Wagner,0.27,2024
wagnemo01,Moritz Wagner,0.53,2025
wainris01,Ish Wainright,0.15,2023
waitedi01,Dion Waiters,0.07,2014
waitedi01,Dion Waiters,0.37,2017
walkean02,Antoine Walker,0.84,2001
walkean02,Antoine Walker,1.16,2002
walkean02,Antoine Walker,0.21,2003
walkeke02,Kemba Walker,0.26,2013
walkeke02,Kemba Walker,1.73,2014
walkeke02,Kemba Walker,1.24,2015
walkeke02,Kemba Walker,2.93,2016
walkeke02,Kemba Walker,3.49,2017
walkeke02,Kemba Walker,3.66,2018
walkeke02,Kemba Walker,3.22,2019
walkeke02,Kemba Walker,3.21,2020
walkeke02,Kemba Walker,2.28,2021
wallabe01,Ben Wallace,4.27,2001
wallabe01,Ben Wallace,3.71,2002
wallabe01,Ben Wallace,3.06,2003
wallabe01,Ben Wallace,3.4,2004
wallabe01,Ben Wallace,3.69,2005
wallabe01,Ben Wallace,3.91,2006
wallabe01,Ben Wallace,2.83,2007
wallabe01,Ben Wallace,0.94,2008
wallabe01,Ben Wallace,2.2,2009
wallabe01,Ben Wallace,2.04,2010
wallaca01,Cason Wallace,0.66,2024
wallaca01,Cason Wallace,0.62,2025
wallaca01,Cason Wallace,1.61,2026
wallage01,Gerald Wallace,1.01,2005
wallage01,Gerald Wallace,1.35,2006
wallage01,Gerald Wallace,2.2,2007
wallage01,Gerald Wallace,2.46,2008
wallage01,Gerald Wallace,2.93,2009
wallage01,Gerald Wallace,2.6,2010
wallage01,Gerald Wallace,3.17,2011
wallage01,Gerald Wallace,2.06,2012
wallage01,Gerald Wallace,2.36,2013
wallage01,Gerald Wallace,0.87,2014
wallage01,Gerald Wallace,0.86,2015
wallara01,Rasheed Wallace,5.2,2001
wallara01,Rasheed Wallace,5.14,2002
wallara01,Rasheed Wallace,5.14,2003
wallara01,Rasheed Wallace,4,2004
wallara01,Rasheed Wallace,4.56,2005
wallara01,Rasheed Wallace,4.21,2006
wallara01,Rasheed Wallace,3.65,2007
wallara01,Rasheed Wallace,4.57,2008
wallara01,Rasheed Wallace,3.2,2009
wallara01,Rasheed Wallace,0.1,2010
walljo01,John Wall,0.48,2013
walljo01,John Wall,1.82,2014
walljo01,John Wall,2.26,2015
walljo01,John Wall,3.12,2016
walljo01,John Wall,2.68,2017
walljo01,John Wall,2.71,2018
walljo01,John Wall,1.85,2019
walljo01,John Wall,1.53,2020
walljo01,John Wall,0.57,2021
walshjo01,Jordan Walsh,0.63,2026
walteja01,Ja'Kobe Walter,0.06,2026
wardch01,Charlie Ward,1.98,2001
wardch01,Charlie Ward,1.55,2002
wardch01,Charlie Ward,1.47,2003
warretj01,T.J. Warren,1.51,2020
warretj01,T.J. Warren,0.7,2021
warretj01,T.J. Warren,0.22,2022
washipj01,P.J. Washington,0.22,2022
washipj01,P.J. Washington,0.4,2024
washipj01,P.J. Washington,0.68,2025
waterli01,Lindy Waters III,0.23,2023
watertr01,Tremont Waters,0.04,2021
watsocj01,C.J. Watson,0.13,2009
watsocj01,C.J. Watson,0.36,2010
watsocj01,C.J. Watson,0.71,2011
watsocj01,C.J. Watson,0.27,2015
watsoea01,Earl Watson,0.01,2003
watsoea01,Earl Watson,1.56,2004
watsoea01,Earl Watson,1.01,2005
watsoea01,Earl Watson,0.83,2006
watsoea01,Earl Watson,0.54,2007
watsoea01,Earl Watson,0.12,2010
watsoea01,Earl Watson,0.69,2011
watsoea01,Earl Watson,0.69,2012
weaveky01,Kyle Weaver,0.43,2010
weaveky01,Kyle Weaver,0.29,2011
webbech01,Chris Webber,3.46,2001
webbech01,Chris Webber,3.81,2002
webbech01,Chris Webber,3.71,2003
webbech01,Chris Webber,2.42,2004
webbech01,Chris Webber,0.02,2005
webbech01,Chris Webber,0.04,2006
webstma02,Martell Webster,0.44,2013
wellsbo01,Bonzi Wells,0.63,2001
wellsbo01,Bonzi Wells,1.45,2002
wellsbo01,Bonzi Wells,0.83,2003
wellsbo01,Bonzi Wells,1.14,2006
wembavi01,Victor Wembanyama,5.42,2024
wembavi01,Victor Wembanyama,4.96,2025
wembavi01,Victor Wembanyama,6.17,2026
wesleda01,David Wesley,0.14,2001
westbru01,Russell Westbrook,1.42,2010
westbru01,Russell Westbrook,1.11,2011
westbru01,Russell Westbrook,3.31,2012
westbru01,Russell Westbrook,4.82,2013
westbru01,Russell Westbrook,5.33,2014
westbru01,Russell Westbrook,5.64,2015
westbru01,Russell Westbrook,6.83,2016
westbru01,Russell Westbrook,6.71,2017
westbru01,Russell Westbrook,6.07,2018
westbru01,Russell Westbrook,5.19,2019
westbru01,Russell Westbrook,2.4,2020
westbru01,Russell Westbrook,2.22,2021
westbru01,Russell Westbrook,0.64,2023
westda01,David West,0.2,2004
westda01,David West,1.62,2008
westda01,David West,0.67,2009
westda01,David West,0.85,2011
westda01,David West,1.19,2012
westda01,David West,1.72,2013
westda01,David West,0.95,2014
westda01,David West,0.27,2015
westda01,David West,0.27,2016
westde01,Delonte West,0.75,2006
westde01,Delonte West,1.73,2009
westde01,Delonte West,1.21,2010
whiteco01,Coby White,0.22,2023
whiteco01,Coby White,0.46,2024
whiteco01,Coby White,0.21,2025
whiteco01,Coby White,0.2,2026
whitede01,Derrick White,1.19,2019
whitede01,Derrick White,1.75,2020
whitede01,Derrick White,1.87,2021
whitede01,Derrick White,0.7,2022
whitede01,Derrick White,2.23,2023
whitede01,Derrick White,2.41,2024
whitede01,Derrick White,2.92,2025
whitede01,Derrick White,1.54,2026
whitedj01,D.J. White,0.43,2010
whiteha01,Hassan Whiteside,1.25,2015
whiteha01,Hassan Whiteside,1.45,2016
whiteha01,Hassan Whiteside,1.17,2017
whiteha01,Hassan Whiteside,0.27,2018
whiteha01,Hassan Whiteside,0.61,2019
whiteha01,Hassan Whiteside,0.89,2020
whiteha01,Hassan Whiteside,1,2022
wiggiaa01,Aaron Wiggins,0.41,2024
wiggiaa01,Aaron Wiggins,1.91,2025
wiggiaa01,Aaron Wiggins,0.17,2026
wiggian01,Andrew Wiggins,1.49,2022
wiggian01,Andrew Wiggins,1.97,2023
willial02,Alvin Williams,0.04,2001
willico02,Corliss Williamson,0.74,2002
willico02,Corliss Williamson,0.91,2003
willide01,Deron Williams,0.42,2007
willide01,Deron Williams,1.95,2008
willide01,Deron Williams,1.78,2009
willide01,Deron Williams,2.36,2010
willide01,Deron Williams,1.3,2011
willide01,Deron Williams,0.69,2012
willide01,Deron Williams,1.89,2013
willide01,Deron Williams,2.51,2014
willide01,Deron Williams,1.76,2015
willide01,Deron Williams,0.31,2016
willier01,Eric Williams,0.24,2001
willier01,Eric Williams,1.35,2002
willier01,Eric Williams,0.85,2003
willier01,Eric Williams,0.59,2004
willigr01,Grant Williams,0.14,2023
willigr01,Grant Williams,0.94,2026
willija06,Jalen Williams,1.91,2024
willija06,Jalen Williams,2.46,2025
willija06,Jalen Williams,1.96,2026
willija07,Jaylin Williams,0.2,2024
willija07,Jaylin Williams,0.29,2025
willija07,Jaylin Williams,0.84,2026
willije01,Jerome Williams,2.01,2001
willije01,Jerome Williams,1.76,2002
willije01,Jerome Williams,1.89,2003
willije01,Jerome Williams,0.68,2005
willike04,Kenrich Williams,0.6,2022
willike04,Kenrich Williams,0.82,2023
willike04,Kenrich Williams,0.73,2024
willike04,Kenrich Williams,1.42,2025
willike04,Kenrich Williams,0.56,2026
willilo02,Lou Williams,0.24,2008
willilo02,Lou Williams,0.4,2017
willima01,Mo Williams,1.33,2009
willima01,Mo Williams,0.6,2010
willima02,Marvin Williams,0.1,2009
willima02,Marvin Williams,0.38,2010
willima02,Marvin Williams,0.15,2011
willima02,Marvin Williams,0.56,2012
willima02,Marvin Williams,1.15,2016
willima02,Marvin Williams,0.51,2017
willima02,Marvin Williams,0.76,2018
willima02,Marvin Williams,0.16,2019
willima02,Marvin Williams,0.23,2020
williro04,Robert Williams,0.69,2020
williro04,Robert Williams,1.9,2021
williro04,Robert Williams,2.8,2022
williro04,Robert Williams,2.49,2023
williro04,Robert Williams,1,2024
williro04,Robert Williams,1.68,2025
williro04,Robert Williams,2.16,2026
willisc01,Scott Williams,0.2,2001
willish01,Shammond Williams,0.31,2002
williwa02,Walt Williams,0.54,2001
willizi01,Zion Williamson,1.06,2020
willizi01,Zion Williamson,1.81,2021
willizi01,Zion Williamson,1.7,2022
willizi01,Zion Williamson,2.15,2023
willizi01,Zion Williamson,1.08,2024
willizi01,Zion Williamson,1.45,2025
willizi01,Zion Williamson,0.86,2026
winslju01,Justise Winslow,0.36,2019
winslju01,Justise Winslow,0.02,2022
woodch01,Christian Wood,1.61,2020
woodch01,Christian Wood,1.03,2021
woodch01,Christian Wood,1.53,2022
woodch01,Christian Wood,0.51,2023
woodch01,Christian Wood,0.17,2024
wrighbr03,Brandan Wright,0.91,2013
wrighbr03,Brandan Wright,0.46,2014
wrighbr03,Brandan Wright,0.02,2018
wrighde01,Delon Wright,0.25,2017
wrighde01,Delon Wright,1.23,2018
wrighde01,Delon Wright,0.17,2019
wrighde01,Delon Wright,0.09,2021
wrighde01,Delon Wright,0.75,2022
wrighde01,Delon Wright,0.75,2023
wrighdo01,Dorell Wright,0.43,2010
wrighdo01,Dorell Wright,0.17,2011
wrighdo01,Dorell Wright,0.32,2015
wrighdo01,Dorell Wright,0.11,2016
wrighju01,Julian Wright,1.01,2008
wrighju01,Julian Wright,0.62,2011
wrighlo02,Lorenzen Wright,0.23,2006
youngni01,Nick Young,0.94,2014
youngni01,Nick Young,0.46,2015
youngth01,Thaddeus Young,1.01,2008
youngth01,Thaddeus Young,1.73,2009
youngth01,Thaddeus Young,0.68,2010
youngth01,Thaddeus Young,1.38,2011
youngth01,Thaddeus Young,2.14,2012
youngth01,Thaddeus Young,1.86,2013
youngth01,Thaddeus Young,0.6,2015
youngth01,Thaddeus Young,0.53,2016
youngth01,Thaddeus Young,1.62,2017
youngth01,Thaddeus Young,2.18,2018
youngth01,Thaddeus Young,1.83,2019
youngth01,Thaddeus Young,0.75,2021
youngtr01,Trae Young,0.4,2019
youngtr01,Trae Young,0.93,2020
youngtr01,Trae Young,2.82,2021
youngtr01,Trae Young,2.55,2022
youngtr01,Trae Young,2.2,2023
youngtr01,Trae Young,0.55,2024
youngtr01,Trae Young,1.14,2025
youngtr01,Trae Young,0.74,2026
zelleco01,Cody Zeller,2,2016
zelleco01,Cody Zeller,2.52,2017
zelleco01,Cody Zeller,2.6,2018
zelleco01,Cody Zeller,2.05,2019
zelleco01,Cody Zeller,0.7,2021
zubaciv01,Ivica Zubac,0.97,2020
zubaciv01,Ivica Zubac,1.17,2021
zubaciv01,Ivica Zubac,0.86,2024
zubaciv01,Ivica Zubac,3.15,2025
zubaciv01,Ivica Zubac,1.26,2026